timestamp_unix,timestamp_iso,participant_full_id,temperature_celsius,missing_value_reason
1746576000000,2025-05-07T00:00:00Z,1481-1-1-007,30.1,
1746576060000,2025-05-07T00:01:00Z,1481-1-1-007,30.11,
1746576120000,2025-05-07T00:02:00Z,1481-1-1-007,30.13,
1746576180000,2025-05-07T00:03:00Z,1481-1-1-007,30.11,
1746576240000,2025-05-07T00:04:00Z,1481-1-1-007,30.13,
1746576300000,2025-05-07T00:05:00Z,1481-1-1-007,30.19,
1746576360000,2025-05-07T00:06:00Z,1481-1-1-007,30.23,
1746576420000,2025-05-07T00:07:00Z,1481-1-1-007,30.29,
1746576480000,2025-05-07T00:08:00Z,1481-1-1-007,30.31,
1746576540000,2025-05-07T00:09:00Z,1481-1-1-007,30.31,
1746576600000,2025-05-07T00:10:00Z,1481-1-1-007,30.35,
1746576660000,2025-05-07T00:11:00Z,1481-1-1-007,30.34,
1746576720000,2025-05-07T00:12:00Z,1481-1-1-007,30.36,
1746576780000,2025-05-07T00:13:00Z,1481-1-1-007,30.41,
1746576840000,2025-05-07T00:14:00Z,1481-1-1-007,30.47,
1746576900000,2025-05-07T00:15:00Z,1481-1-1-007,30.5,
1746576960000,2025-05-07T00:16:00Z,1481-1-1-007,30.56,
1746577020000,2025-05-07T00:17:00Z,1481-1-1-007,30.6,
1746577080000,2025-05-07T00:18:00Z,1481-1-1-007,30.62,
1746577140000,2025-05-07T00:19:00Z,1481-1-1-007,30.66,
1746577200000,2025-05-07T00:20:00Z,1481-1-1-007,30.63,
1746577260000,2025-05-07T00:21:00Z,1481-1-1-007,30.63,
1746577320000,2025-05-07T00:22:00Z,1481-1-1-007,30.62,
1746577380000,2025-05-07T00:23:00Z,1481-1-1-007,30.55,
1746577440000,2025-05-07T00:24:00Z,1481-1-1-007,30.48,
1746577500000,2025-05-07T00:25:00Z,1481-1-1-007,30.41,
1746577560000,2025-05-07T00:26:00Z,1481-1-1-007,30.38,
1746577620000,2025-05-07T00:27:00Z,1481-1-1-007,30.35,
1746577680000,2025-05-07T00:28:00Z,1481-1-1-007,30.32,
1746577740000,2025-05-07T00:29:00Z,1481-1-1-007,30.36,
1746577800000,2025-05-07T00:30:00Z,1481-1-1-007,30.38,
1746577860000,2025-05-07T00:31:00Z,1481-1-1-007,30.37,
1746577920000,2025-05-07T00:32:00Z,1481-1-1-007,30.4,
1746577980000,2025-05-07T00:33:00Z,1481-1-1-007,30.43,
1746578040000,2025-05-07T00:34:00Z,1481-1-1-007,30.43,
1746578100000,2025-05-07T00:35:00Z,1481-1-1-007,30.43,
1746578160000,2025-05-07T00:36:00Z,1481-1-1-007,30.46,
1746578220000,2025-05-07T00:37:00Z,1481-1-1-007,30.45,
1746578280000,2025-05-07T00:38:00Z,1481-1-1-007,30.55,
1746578340000,2025-05-07T00:39:00Z,1481-1-1-007,30.62,
1746578400000,2025-05-07T00:40:00Z,1481-1-1-007,30.58,
1746578460000,2025-05-07T00:41:00Z,1481-1-1-007,30.69,
1746578520000,2025-05-07T00:42:00Z,1481-1-1-007,30.81,
1746578580000,2025-05-07T00:43:00Z,1481-1-1-007,30.87,
1746578640000,2025-05-07T00:44:00Z,1481-1-1-007,30.89,
1746578700000,2025-05-07T00:45:00Z,1481-1-1-007,30.92,
1746578760000,2025-05-07T00:46:00Z,1481-1-1-007,30.88,
1746578820000,2025-05-07T00:47:00Z,1481-1-1-007,30.89,
1746578880000,2025-05-07T00:48:00Z,1481-1-1-007,30.95,
1746578940000,2025-05-07T00:49:00Z,1481-1-1-007,31.03,
1746579000000,2025-05-07T00:50:00Z,1481-1-1-007,31.12,
1746579060000,2025-05-07T00:51:00Z,1481-1-1-007,31.2,
1746579120000,2025-05-07T00:52:00Z,1481-1-1-007,31.29,
1746579180000,2025-05-07T00:53:00Z,1481-1-1-007,31.38,
1746579240000,2025-05-07T00:54:00Z,1481-1-1-007,31.47,
1746579300000,2025-05-07T00:55:00Z,1481-1-1-007,31.55,
1746579360000,2025-05-07T00:56:00Z,1481-1-1-007,31.63,
1746579420000,2025-05-07T00:57:00Z,1481-1-1-007,31.7,
1746579480000,2025-05-07T00:58:00Z,1481-1-1-007,31.69,
1746579540000,2025-05-07T00:59:00Z,1481-1-1-007,31.65,
1746579600000,2025-05-07T01:00:00Z,1481-1-1-007,31.65,
1746579660000,2025-05-07T01:01:00Z,1481-1-1-007,31.66,
1746579720000,2025-05-07T01:02:00Z,1481-1-1-007,31.72,
1746579780000,2025-05-07T01:03:00Z,1481-1-1-007,31.77,
1746579840000,2025-05-07T01:04:00Z,1481-1-1-007,31.77,
1746579900000,2025-05-07T01:05:00Z,1481-1-1-007,31.63,
1746579960000,2025-05-07T01:06:00Z,1481-1-1-007,31.52,
1746580020000,2025-05-07T01:07:00Z,1481-1-1-007,31.49,
1746580080000,2025-05-07T01:08:00Z,1481-1-1-007,31.5,
1746580140000,2025-05-07T01:09:00Z,1481-1-1-007,31.56,
1746580200000,2025-05-07T01:10:00Z,1481-1-1-007,31.49,
1746580260000,2025-05-07T01:11:00Z,1481-1-1-007,31.38,
1746580320000,2025-05-07T01:12:00Z,1481-1-1-007,31.2,
1746580380000,2025-05-07T01:13:00Z,1481-1-1-007,31.13,
1746580440000,2025-05-07T01:14:00Z,1481-1-1-007,31.11,
1746580500000,2025-05-07T01:15:00Z,1481-1-1-007,31.1,
1746580560000,2025-05-07T01:16:00Z,1481-1-1-007,31.06,
1746580620000,2025-05-07T01:17:00Z,1481-1-1-007,30.98,
1746580680000,2025-05-07T01:18:00Z,1481-1-1-007,30.81,
1746580740000,2025-05-07T01:19:00Z,1481-1-1-007,30.68,
1746580800000,2025-05-07T01:20:00Z,1481-1-1-007,30.45,
1746580860000,2025-05-07T01:21:00Z,1481-1-1-007,30.32,
1746580920000,2025-05-07T01:22:00Z,1481-1-1-007,30.4,
1746580980000,2025-05-07T01:23:00Z,1481-1-1-007,30.5,
1746581040000,2025-05-07T01:24:00Z,1481-1-1-007,30.56,
1746581100000,2025-05-07T01:25:00Z,1481-1-1-007,30.63,
1746581160000,2025-05-07T01:26:00Z,1481-1-1-007,30.47,
1746581220000,2025-05-07T01:27:00Z,1481-1-1-007,30.4,
1746581280000,2025-05-07T01:28:00Z,1481-1-1-007,30.52,
1746581340000,2025-05-07T01:29:00Z,1481-1-1-007,30.68,
1746581400000,2025-05-07T01:30:00Z,1481-1-1-007,30.87,
1746581460000,2025-05-07T01:31:00Z,1481-1-1-007,31.08,
1746581520000,2025-05-07T01:32:00Z,1481-1-1-007,31.27,
1746581580000,2025-05-07T01:33:00Z,1481-1-1-007,31.37,
1746581640000,2025-05-07T01:34:00Z,1481-1-1-007,31.43,
1746581700000,2025-05-07T01:35:00Z,1481-1-1-007,31.55,
1746581760000,2025-05-07T01:36:00Z,1481-1-1-007,31.63,
1746581820000,2025-05-07T01:37:00Z,1481-1-1-007,31.94,
1746581880000,2025-05-07T01:38:00Z,1481-1-1-007,32.24,
1746581940000,2025-05-07T01:39:00Z,1481-1-1-007,32.55,
1746582000000,2025-05-07T01:40:00Z,1481-1-1-007,32.74,
1746582060000,2025-05-07T01:41:00Z,1481-1-1-007,32.84,
1746582120000,2025-05-07T01:42:00Z,1481-1-1-007,32.98,
1746582180000,2025-05-07T01:43:00Z,1481-1-1-007,33.09,
1746582240000,2025-05-07T01:44:00Z,1481-1-1-007,33.16,
1746582300000,2025-05-07T01:45:00Z,1481-1-1-007,33.2,
1746582360000,2025-05-07T01:46:00Z,1481-1-1-007,33.35,
1746582420000,2025-05-07T01:47:00Z,1481-1-1-007,33.46,
1746582480000,2025-05-07T01:48:00Z,1481-1-1-007,33.48,
1746582540000,2025-05-07T01:49:00Z,1481-1-1-007,33.45,
1746582600000,2025-05-07T01:50:00Z,1481-1-1-007,33.33,
1746582660000,2025-05-07T01:51:00Z,1481-1-1-007,33.19,
1746582720000,2025-05-07T01:52:00Z,1481-1-1-007,33.16,
1746582780000,2025-05-07T01:53:00Z,1481-1-1-007,33.15,
1746582840000,2025-05-07T01:54:00Z,1481-1-1-007,33.22,
1746582900000,2025-05-07T01:55:00Z,1481-1-1-007,33.29,
1746582960000,2025-05-07T01:56:00Z,1481-1-1-007,33.38,
1746583020000,2025-05-07T01:57:00Z,1481-1-1-007,33.47,
1746583080000,2025-05-07T01:58:00Z,1481-1-1-007,33.54,
1746583140000,2025-05-07T01:59:00Z,1481-1-1-007,33.56,
1746583200000,2025-05-07T02:00:00Z,1481-1-1-007,33.56,
1746583260000,2025-05-07T02:01:00Z,1481-1-1-007,33.56,
1746583320000,2025-05-07T02:02:00Z,1481-1-1-007,33.59,
1746583380000,2025-05-07T02:03:00Z,1481-1-1-007,33.6,
1746583440000,2025-05-07T02:04:00Z,1481-1-1-007,33.57,
1746583500000,2025-05-07T02:05:00Z,1481-1-1-007,33.46,
1746583560000,2025-05-07T02:06:00Z,1481-1-1-007,33.4,
1746583620000,2025-05-07T02:07:00Z,1481-1-1-007,33.34,
1746583680000,2025-05-07T02:08:00Z,1481-1-1-007,33.24,
1746583740000,2025-05-07T02:09:00Z,1481-1-1-007,33.11,
1746583800000,2025-05-07T02:10:00Z,1481-1-1-007,33.02,
1746583860000,2025-05-07T02:11:00Z,1481-1-1-007,32.89,
1746583920000,2025-05-07T02:12:00Z,1481-1-1-007,32.78,
1746583980000,2025-05-07T02:13:00Z,1481-1-1-007,32.68,
1746584040000,2025-05-07T02:14:00Z,1481-1-1-007,32.56,
1746584100000,2025-05-07T02:15:00Z,1481-1-1-007,32.44,
1746584160000,2025-05-07T02:16:00Z,1481-1-1-007,32.34,
1746584220000,2025-05-07T02:17:00Z,1481-1-1-007,32.29,
1746584280000,2025-05-07T02:18:00Z,1481-1-1-007,32.23,
1746584340000,2025-05-07T02:19:00Z,1481-1-1-007,32.02,
1746584400000,2025-05-07T02:20:00Z,1481-1-1-007,31.97,
1746584460000,2025-05-07T02:21:00Z,1481-1-1-007,31.85,
1746584520000,2025-05-07T02:22:00Z,1481-1-1-007,31.46,
1746584580000,2025-05-07T02:23:00Z,1481-1-1-007,31.37,
1746584640000,2025-05-07T02:24:00Z,1481-1-1-007,31.35,
1746584700000,2025-05-07T02:25:00Z,1481-1-1-007,31.25,
1746584760000,2025-05-07T02:26:00Z,1481-1-1-007,31.06,
1746584820000,2025-05-07T02:27:00Z,1481-1-1-007,30.73,
1746584880000,2025-05-07T02:28:00Z,1481-1-1-007,30.32,
1746584940000,2025-05-07T02:29:00Z,1481-1-1-007,29.93,
1746585000000,2025-05-07T02:30:00Z,1481-1-1-007,29.59,
1746585060000,2025-05-07T02:31:00Z,1481-1-1-007,29.31,
1746585120000,2025-05-07T02:32:00Z,1481-1-1-007,28.89,
1746585180000,2025-05-07T02:33:00Z,1481-1-1-007,28.59,
1746585240000,2025-05-07T02:34:00Z,1481-1-1-007,28.49,
1746585300000,2025-05-07T02:35:00Z,1481-1-1-007,28.45,
1746585360000,2025-05-07T02:36:00Z,1481-1-1-007,28.67,
1746585420000,2025-05-07T02:37:00Z,1481-1-1-007,29.11,
1746585480000,2025-05-07T02:38:00Z,1481-1-1-007,29.65,
1746585540000,2025-05-07T02:39:00Z,1481-1-1-007,30.06,
1746585600000,2025-05-07T02:40:00Z,1481-1-1-007,30.28,
1746585660000,2025-05-07T02:41:00Z,1481-1-1-007,30.59,
1746585720000,2025-05-07T02:42:00Z,1481-1-1-007,31.01,
1746585780000,2025-05-07T02:43:00Z,1481-1-1-007,31.37,
1746585840000,2025-05-07T02:44:00Z,1481-1-1-007,31.64,
1746585900000,2025-05-07T02:45:00Z,1481-1-1-007,31.89,
1746585960000,2025-05-07T02:46:00Z,1481-1-1-007,32.11,
1746586020000,2025-05-07T02:47:00Z,1481-1-1-007,32.22,
1746586080000,2025-05-07T02:48:00Z,1481-1-1-007,32.26,
1746586140000,2025-05-07T02:49:00Z,1481-1-1-007,32.38,
1746586200000,2025-05-07T02:50:00Z,1481-1-1-007,32.48,
1746586260000,2025-05-07T02:51:00Z,1481-1-1-007,32.51,
1746586320000,2025-05-07T02:52:00Z,1481-1-1-007,32.49,
1746586380000,2025-05-07T02:53:00Z,1481-1-1-007,32.47,
1746586440000,2025-05-07T02:54:00Z,1481-1-1-007,32.47,
1746586500000,2025-05-07T02:55:00Z,1481-1-1-007,32.5,
1746586560000,2025-05-07T02:56:00Z,1481-1-1-007,32.6,
1746586620000,2025-05-07T02:57:00Z,1481-1-1-007,32.61,
1746586680000,2025-05-07T02:58:00Z,1481-1-1-007,32.53,
1746586740000,2025-05-07T02:59:00Z,1481-1-1-007,32.42,
1746586800000,2025-05-07T03:00:00Z,1481-1-1-007,32.44,
1746586860000,2025-05-07T03:01:00Z,1481-1-1-007,32.54,
1746586920000,2025-05-07T03:02:00Z,1481-1-1-007,32.61,
1746586980000,2025-05-07T03:03:00Z,1481-1-1-007,32.69,
1746587040000,2025-05-07T03:04:00Z,1481-1-1-007,32.77,
1746587100000,2025-05-07T03:05:00Z,1481-1-1-007,32.84,
1746587160000,2025-05-07T03:06:00Z,1481-1-1-007,32.83,
1746587220000,2025-05-07T03:07:00Z,1481-1-1-007,32.79,
1746587280000,2025-05-07T03:08:00Z,1481-1-1-007,32.75,
1746587340000,2025-05-07T03:09:00Z,1481-1-1-007,32.7,
1746587400000,2025-05-07T03:10:00Z,1481-1-1-007,32.68,
1746587460000,2025-05-07T03:11:00Z,1481-1-1-007,32.69,
1746587520000,2025-05-07T03:12:00Z,1481-1-1-007,32.7,
1746587580000,2025-05-07T03:13:00Z,1481-1-1-007,32.68,
1746587640000,2025-05-07T03:14:00Z,1481-1-1-007,32.68,
1746587700000,2025-05-07T03:15:00Z,1481-1-1-007,32.71,
1746587760000,2025-05-07T03:16:00Z,1481-1-1-007,32.74,
1746587820000,2025-05-07T03:17:00Z,1481-1-1-007,32.92,
1746587880000,2025-05-07T03:18:00Z,1481-1-1-007,33.09,
1746587940000,2025-05-07T03:19:00Z,1481-1-1-007,33.14,
1746588000000,2025-05-07T03:20:00Z,1481-1-1-007,33.08,
1746588060000,2025-05-07T03:21:00Z,1481-1-1-007,33.1,
1746588120000,2025-05-07T03:22:00Z,1481-1-1-007,33.24,
1746588180000,2025-05-07T03:23:00Z,1481-1-1-007,33.29,
1746588240000,2025-05-07T03:24:00Z,1481-1-1-007,33.26,
1746588300000,2025-05-07T03:25:00Z,1481-1-1-007,33.24,
1746588360000,2025-05-07T03:26:00Z,1481-1-1-007,33.18,
1746588420000,2025-05-07T03:27:00Z,1481-1-1-007,33.14,
1746588480000,2025-05-07T03:28:00Z,1481-1-1-007,33.14,
1746588540000,2025-05-07T03:29:00Z,1481-1-1-007,33.08,
1746588600000,2025-05-07T03:30:00Z,1481-1-1-007,33.0,
1746588660000,2025-05-07T03:31:00Z,1481-1-1-007,33.05,
1746588720000,2025-05-07T03:32:00Z,1481-1-1-007,33.01,
1746588780000,2025-05-07T03:33:00Z,1481-1-1-007,33.03,
1746588840000,2025-05-07T03:34:00Z,1481-1-1-007,33.0,
1746588900000,2025-05-07T03:35:00Z,1481-1-1-007,33.0,
1746588960000,2025-05-07T03:36:00Z,1481-1-1-007,33.11,
1746589020000,2025-05-07T03:37:00Z,1481-1-1-007,33.1,
1746589080000,2025-05-07T03:38:00Z,1481-1-1-007,33.05,
1746589140000,2025-05-07T03:39:00Z,1481-1-1-007,32.96,
1746589200000,2025-05-07T03:40:00Z,1481-1-1-007,32.86,
1746589260000,2025-05-07T03:41:00Z,1481-1-1-007,32.77,
1746589320000,2025-05-07T03:42:00Z,1481-1-1-007,32.63,
1746589380000,2025-05-07T03:43:00Z,1481-1-1-007,32.49,
1746589440000,2025-05-07T03:44:00Z,1481-1-1-007,32.38,
1746589500000,2025-05-07T03:45:00Z,1481-1-1-007,32.13,
1746589560000,2025-05-07T03:46:00Z,1481-1-1-007,31.9,
1746589620000,2025-05-07T03:47:00Z,1481-1-1-007,31.77,
1746589680000,2025-05-07T03:48:00Z,1481-1-1-007,31.41,
1746589740000,2025-05-07T03:49:00Z,1481-1-1-007,31.42,
1746589800000,2025-05-07T03:50:00Z,1481-1-1-007,31.47,
1746589860000,2025-05-07T03:51:00Z,1481-1-1-007,31.5,
1746589920000,2025-05-07T03:52:00Z,1481-1-1-007,31.49,
1746589980000,2025-05-07T03:53:00Z,1481-1-1-007,31.57,
1746590040000,2025-05-07T03:54:00Z,1481-1-1-007,31.62,
1746590100000,2025-05-07T03:55:00Z,1481-1-1-007,31.54,
1746590160000,2025-05-07T03:56:00Z,1481-1-1-007,31.54,
1746590220000,2025-05-07T03:57:00Z,1481-1-1-007,31.53,
1746590280000,2025-05-07T03:58:00Z,1481-1-1-007,31.52,
1746590340000,2025-05-07T03:59:00Z,1481-1-1-007,31.52,
1746590400000,2025-05-07T04:00:00Z,1481-1-1-007,31.63,
1746590460000,2025-05-07T04:01:00Z,1481-1-1-007,31.68,
1746590520000,2025-05-07T04:02:00Z,1481-1-1-007,31.65,
1746590580000,2025-05-07T04:03:00Z,1481-1-1-007,31.64,
1746590640000,2025-05-07T04:04:00Z,1481-1-1-007,31.65,
1746590700000,2025-05-07T04:05:00Z,1481-1-1-007,31.71,
1746590760000,2025-05-07T04:06:00Z,1481-1-1-007,31.83,
1746590820000,2025-05-07T04:07:00Z,1481-1-1-007,31.94,
1746590880000,2025-05-07T04:08:00Z,1481-1-1-007,31.94,
1746590940000,2025-05-07T04:09:00Z,1481-1-1-007,32.01,
1746591000000,2025-05-07T04:10:00Z,1481-1-1-007,31.94,
1746591060000,2025-05-07T04:11:00Z,1481-1-1-007,31.99,
1746591120000,2025-05-07T04:12:00Z,1481-1-1-007,31.98,
1746591180000,2025-05-07T04:13:00Z,1481-1-1-007,31.91,
1746591240000,2025-05-07T04:14:00Z,1481-1-1-007,31.83,
1746591300000,2025-05-07T04:15:00Z,1481-1-1-007,31.71,
1746591360000,2025-05-07T04:16:00Z,1481-1-1-007,31.64,
1746591420000,2025-05-07T04:17:00Z,1481-1-1-007,31.59,
1746591480000,2025-05-07T04:18:00Z,1481-1-1-007,31.53,
1746591540000,2025-05-07T04:19:00Z,1481-1-1-007,31.51,
1746591600000,2025-05-07T04:20:00Z,1481-1-1-007,31.51,
1746591660000,2025-05-07T04:21:00Z,1481-1-1-007,31.53,
1746591720000,2025-05-07T04:22:00Z,1481-1-1-007,31.54,
1746591780000,2025-05-07T04:23:00Z,1481-1-1-007,31.55,
1746591840000,2025-05-07T04:24:00Z,1481-1-1-007,31.49,
1746591900000,2025-05-07T04:25:00Z,1481-1-1-007,31.45,
1746591960000,2025-05-07T04:26:00Z,1481-1-1-007,31.46,
1746592020000,2025-05-07T04:27:00Z,1481-1-1-007,31.46,
1746592080000,2025-05-07T04:28:00Z,1481-1-1-007,31.46,
1746592140000,2025-05-07T04:29:00Z,1481-1-1-007,31.48,
1746592200000,2025-05-07T04:30:00Z,1481-1-1-007,31.51,
1746592260000,2025-05-07T04:31:00Z,1481-1-1-007,31.5,
1746592320000,2025-05-07T04:32:00Z,1481-1-1-007,31.41,
1746592380000,2025-05-07T04:33:00Z,1481-1-1-007,31.34,
1746592440000,2025-05-07T04:34:00Z,1481-1-1-007,31.34,
1746592500000,2025-05-07T04:35:00Z,1481-1-1-007,31.36,
1746592560000,2025-05-07T04:36:00Z,1481-1-1-007,31.38,
1746592620000,2025-05-07T04:37:00Z,1481-1-1-007,31.39,
1746592680000,2025-05-07T04:38:00Z,1481-1-1-007,31.39,
1746592740000,2025-05-07T04:39:00Z,1481-1-1-007,31.37,
1746592800000,2025-05-07T04:40:00Z,1481-1-1-007,31.38,
1746592860000,2025-05-07T04:41:00Z,1481-1-1-007,31.41,
1746592920000,2025-05-07T04:42:00Z,1481-1-1-007,31.43,
1746592980000,2025-05-07T04:43:00Z,1481-1-1-007,31.43,
1746593040000,2025-05-07T04:44:00Z,1481-1-1-007,31.44,
1746593100000,2025-05-07T04:45:00Z,1481-1-1-007,31.46,
1746593160000,2025-05-07T04:46:00Z,1481-1-1-007,31.55,
1746593220000,2025-05-07T04:47:00Z,1481-1-1-007,31.59,
1746593280000,2025-05-07T04:48:00Z,1481-1-1-007,31.6,
1746593340000,2025-05-07T04:49:00Z,1481-1-1-007,31.61,
1746593400000,2025-05-07T04:50:00Z,1481-1-1-007,31.62,
1746593460000,2025-05-07T04:51:00Z,1481-1-1-007,31.62,
1746593520000,2025-05-07T04:52:00Z,1481-1-1-007,31.62,
1746593580000,2025-05-07T04:53:00Z,1481-1-1-007,31.6,
1746593640000,2025-05-07T04:54:00Z,1481-1-1-007,31.59,
1746593700000,2025-05-07T04:55:00Z,1481-1-1-007,31.58,
1746593760000,2025-05-07T04:56:00Z,1481-1-1-007,31.63,
1746593820000,2025-05-07T04:57:00Z,1481-1-1-007,31.69,
1746593880000,2025-05-07T04:58:00Z,1481-1-1-007,31.72,
1746593940000,2025-05-07T04:59:00Z,1481-1-1-007,31.76,
1746594000000,2025-05-07T05:00:00Z,1481-1-1-007,31.79,
1746594060000,2025-05-07T05:01:00Z,1481-1-1-007,31.8,
1746594120000,2025-05-07T05:02:00Z,1481-1-1-007,31.76,
1746594180000,2025-05-07T05:03:00Z,1481-1-1-007,31.74,
1746594240000,2025-05-07T05:04:00Z,1481-1-1-007,31.77,
1746594300000,2025-05-07T05:05:00Z,1481-1-1-007,31.79,
1746594360000,2025-05-07T05:06:00Z,1481-1-1-007,31.84,
1746594420000,2025-05-07T05:07:00Z,1481-1-1-007,31.86,
1746594480000,2025-05-07T05:08:00Z,1481-1-1-007,31.88,
1746594540000,2025-05-07T05:09:00Z,1481-1-1-007,31.9,
1746594600000,2025-05-07T05:10:00Z,1481-1-1-007,31.98,
1746594660000,2025-05-07T05:11:00Z,1481-1-1-007,32.01,
1746594720000,2025-05-07T05:12:00Z,1481-1-1-007,32.03,
1746594780000,2025-05-07T05:13:00Z,1481-1-1-007,32.01,
1746594840000,2025-05-07T05:14:00Z,1481-1-1-007,31.96,
1746594900000,2025-05-07T05:15:00Z,1481-1-1-007,31.94,
1746594960000,2025-05-07T05:16:00Z,1481-1-1-007,31.88,
1746595020000,2025-05-07T05:17:00Z,1481-1-1-007,31.84,
1746595080000,2025-05-07T05:18:00Z,1481-1-1-007,31.83,
1746595140000,2025-05-07T05:19:00Z,1481-1-1-007,31.81,
1746595200000,2025-05-07T05:20:00Z,1481-1-1-007,31.78,
1746595260000,2025-05-07T05:21:00Z,1481-1-1-007,31.77,
1746595320000,2025-05-07T05:22:00Z,1481-1-1-007,31.76,
1746595380000,2025-05-07T05:23:00Z,1481-1-1-007,31.71,
1746595440000,2025-05-07T05:24:00Z,1481-1-1-007,31.69,
1746595500000,2025-05-07T05:25:00Z,1481-1-1-007,31.65,
1746595560000,2025-05-07T05:26:00Z,1481-1-1-007,31.67,
1746595620000,2025-05-07T05:27:00Z,1481-1-1-007,31.7,
1746595680000,2025-05-07T05:28:00Z,1481-1-1-007,31.73,
1746595740000,2025-05-07T05:29:00Z,1481-1-1-007,31.79,
1746595800000,2025-05-07T05:30:00Z,1481-1-1-007,31.8,
1746595860000,2025-05-07T05:31:00Z,1481-1-1-007,31.83,
1746595920000,2025-05-07T05:32:00Z,1481-1-1-007,31.94,
1746595980000,2025-05-07T05:33:00Z,1481-1-1-007,32.1,
1746596040000,2025-05-07T05:34:00Z,1481-1-1-007,32.15,
1746596100000,2025-05-07T05:35:00Z,1481-1-1-007,32.21,
1746596160000,2025-05-07T05:36:00Z,1481-1-1-007,32.19,
1746596220000,2025-05-07T05:37:00Z,1481-1-1-007,32.11,
1746596280000,2025-05-07T05:38:00Z,1481-1-1-007,32.03,
1746596340000,2025-05-07T05:39:00Z,1481-1-1-007,31.91,
1746596400000,2025-05-07T05:40:00Z,1481-1-1-007,31.82,
1746596460000,2025-05-07T05:41:00Z,1481-1-1-007,31.75,
1746596520000,2025-05-07T05:42:00Z,1481-1-1-007,31.65,
1746596580000,2025-05-07T05:43:00Z,1481-1-1-007,31.6,
1746596640000,2025-05-07T05:44:00Z,1481-1-1-007,31.58,
1746596700000,2025-05-07T05:45:00Z,1481-1-1-007,31.48,
1746596760000,2025-05-07T05:46:00Z,1481-1-1-007,31.12,
1746596820000,2025-05-07T05:47:00Z,1481-1-1-007,31.01,
1746596880000,2025-05-07T05:48:00Z,1481-1-1-007,31.18,
1746596940000,2025-05-07T05:49:00Z,1481-1-1-007,31.21,
1746597000000,2025-05-07T05:50:00Z,1481-1-1-007,30.88,
1746597060000,2025-05-07T05:51:00Z,1481-1-1-007,30.47,
1746597120000,2025-05-07T05:52:00Z,1481-1-1-007,30.09,
1746597180000,2025-05-07T05:53:00Z,1481-1-1-007,29.84,
1746597240000,2025-05-07T05:54:00Z,1481-1-1-007,29.69,
1746597300000,2025-05-07T05:55:00Z,1481-1-1-007,29.82,
1746597360000,2025-05-07T05:56:00Z,1481-1-1-007,30.07,
1746597420000,2025-05-07T05:57:00Z,1481-1-1-007,30.39,
1746597480000,2025-05-07T05:58:00Z,1481-1-1-007,30.62,
1746597540000,2025-05-07T05:59:00Z,1481-1-1-007,30.78,
1746597600000,2025-05-07T06:00:00Z,1481-1-1-007,30.9,
1746597660000,2025-05-07T06:01:00Z,1481-1-1-007,30.94,
1746597720000,2025-05-07T06:02:00Z,1481-1-1-007,31.02,
1746597780000,2025-05-07T06:03:00Z,1481-1-1-007,31.09,
1746597840000,2025-05-07T06:04:00Z,1481-1-1-007,31.08,
1746597900000,2025-05-07T06:05:00Z,1481-1-1-007,31.06,
1746597960000,2025-05-07T06:06:00Z,1481-1-1-007,31.1,
1746598020000,2025-05-07T06:07:00Z,1481-1-1-007,31.24,
1746598080000,2025-05-07T06:08:00Z,1481-1-1-007,31.32,
1746598140000,2025-05-07T06:09:00Z,1481-1-1-007,31.39,
1746598200000,2025-05-07T06:10:00Z,1481-1-1-007,31.42,
1746598260000,2025-05-07T06:11:00Z,1481-1-1-007,31.38,
1746598320000,2025-05-07T06:12:00Z,1481-1-1-007,31.25,
1746598380000,2025-05-07T06:13:00Z,1481-1-1-007,31.08,
1746598440000,2025-05-07T06:14:00Z,1481-1-1-007,30.91,
1746598500000,2025-05-07T06:15:00Z,1481-1-1-007,30.75,
1746598560000,2025-05-07T06:16:00Z,1481-1-1-007,30.67,
1746598620000,2025-05-07T06:17:00Z,1481-1-1-007,30.48,
1746598680000,2025-05-07T06:18:00Z,1481-1-1-007,30.34,
1746598740000,2025-05-07T06:19:00Z,1481-1-1-007,30.26,
1746598800000,2025-05-07T06:20:00Z,1481-1-1-007,30.03,
1746598860000,2025-05-07T06:21:00Z,1481-1-1-007,29.83,
1746598920000,2025-05-07T06:22:00Z,1481-1-1-007,29.83,
1746598980000,2025-05-07T06:23:00Z,1481-1-1-007,29.91,
1746599040000,2025-05-07T06:24:00Z,1481-1-1-007,30.14,
1746599100000,2025-05-07T06:25:00Z,1481-1-1-007,30.39,
1746599160000,2025-05-07T06:26:00Z,1481-1-1-007,30.5,
1746599220000,2025-05-07T06:27:00Z,1481-1-1-007,30.6,
1746599280000,2025-05-07T06:28:00Z,1481-1-1-007,30.71,
1746599340000,2025-05-07T06:29:00Z,1481-1-1-007,30.88,
1746599400000,2025-05-07T06:30:00Z,1481-1-1-007,31.03,
1746599460000,2025-05-07T06:31:00Z,1481-1-1-007,31.22,
1746599520000,2025-05-07T06:32:00Z,1481-1-1-007,31.38,
1746599580000,2025-05-07T06:33:00Z,1481-1-1-007,31.57,
1746599640000,2025-05-07T06:34:00Z,1481-1-1-007,31.73,
1746599700000,2025-05-07T06:35:00Z,1481-1-1-007,31.87,
1746599760000,2025-05-07T06:36:00Z,1481-1-1-007,31.98,
1746599820000,2025-05-07T06:37:00Z,1481-1-1-007,32.09,
1746599880000,2025-05-07T06:38:00Z,1481-1-1-007,32.24,
1746599940000,2025-05-07T06:39:00Z,1481-1-1-007,32.37,
1746600000000,2025-05-07T06:40:00Z,1481-1-1-007,32.43,
1746600060000,2025-05-07T06:41:00Z,1481-1-1-007,32.56,
1746600120000,2025-05-07T06:42:00Z,1481-1-1-007,32.81,
1746600180000,2025-05-07T06:43:00Z,1481-1-1-007,32.94,
1746600240000,2025-05-07T06:44:00Z,1481-1-1-007,32.94,
1746600300000,2025-05-07T06:45:00Z,1481-1-1-007,32.92,
1746600360000,2025-05-07T06:46:00Z,1481-1-1-007,32.93,
1746600420000,2025-05-07T06:47:00Z,1481-1-1-007,32.96,
1746600480000,2025-05-07T06:48:00Z,1481-1-1-007,32.97,
1746600540000,2025-05-07T06:49:00Z,1481-1-1-007,32.99,
1746600600000,2025-05-07T06:50:00Z,1481-1-1-007,33.06,
1746600660000,2025-05-07T06:51:00Z,1481-1-1-007,33.1,
1746600720000,2025-05-07T06:52:00Z,1481-1-1-007,33.14,
1746600780000,2025-05-07T06:53:00Z,1481-1-1-007,33.08,
1746600840000,2025-05-07T06:54:00Z,1481-1-1-007,33.0,
1746600900000,2025-05-07T06:55:00Z,1481-1-1-007,33.0,
1746600960000,2025-05-07T06:56:00Z,1481-1-1-007,33.04,
1746601020000,2025-05-07T06:57:00Z,1481-1-1-007,33.06,
1746601080000,2025-05-07T06:58:00Z,1481-1-1-007,33.08,
1746601140000,2025-05-07T06:59:00Z,1481-1-1-007,33.1,
1746601200000,2025-05-07T07:00:00Z,1481-1-1-007,33.05,
1746601260000,2025-05-07T07:01:00Z,1481-1-1-007,33.01,
1746601320000,2025-05-07T07:02:00Z,1481-1-1-007,32.94,
1746601380000,2025-05-07T07:03:00Z,1481-1-1-007,32.82,
1746601440000,2025-05-07T07:04:00Z,1481-1-1-007,32.73,
1746601500000,2025-05-07T07:05:00Z,1481-1-1-007,32.71,
1746601560000,2025-05-07T07:06:00Z,1481-1-1-007,32.69,
1746601620000,2025-05-07T07:07:00Z,1481-1-1-007,32.71,
1746601680000,2025-05-07T07:08:00Z,1481-1-1-007,32.7,
1746601740000,2025-05-07T07:09:00Z,1481-1-1-007,32.68,
1746601800000,2025-05-07T07:10:00Z,1481-1-1-007,32.69,
1746601860000,2025-05-07T07:11:00Z,1481-1-1-007,32.72,
1746601920000,2025-05-07T07:12:00Z,1481-1-1-007,32.77,
1746601980000,2025-05-07T07:13:00Z,1481-1-1-007,32.81,
1746602040000,2025-05-07T07:14:00Z,1481-1-1-007,32.81,
1746602100000,2025-05-07T07:15:00Z,1481-1-1-007,32.81,
1746602160000,2025-05-07T07:16:00Z,1481-1-1-007,32.85,
1746602220000,2025-05-07T07:17:00Z,1481-1-1-007,32.9,
1746602280000,2025-05-07T07:18:00Z,1481-1-1-007,32.89,
1746602340000,2025-05-07T07:19:00Z,1481-1-1-007,32.7,
1746602400000,2025-05-07T07:20:00Z,1481-1-1-007,32.46,
1746602460000,2025-05-07T07:21:00Z,1481-1-1-007,32.33,
1746602520000,2025-05-07T07:22:00Z,1481-1-1-007,32.28,
1746602580000,2025-05-07T07:23:00Z,1481-1-1-007,32.22,
1746602640000,2025-05-07T07:24:00Z,1481-1-1-007,32.18,
1746602700000,2025-05-07T07:25:00Z,1481-1-1-007,32.18,
1746602760000,2025-05-07T07:26:00Z,1481-1-1-007,32.13,
1746602820000,2025-05-07T07:27:00Z,1481-1-1-007,32.12,
1746602880000,2025-05-07T07:28:00Z,1481-1-1-007,32.09,
1746602940000,2025-05-07T07:29:00Z,1481-1-1-007,32.03,
1746603000000,2025-05-07T07:30:00Z,1481-1-1-007,31.98,
1746603060000,2025-05-07T07:31:00Z,1481-1-1-007,31.87,
1746603120000,2025-05-07T07:32:00Z,1481-1-1-007,31.69,
1746603180000,2025-05-07T07:33:00Z,1481-1-1-007,31.5,
1746603240000,2025-05-07T07:34:00Z,1481-1-1-007,31.32,
1746603300000,2025-05-07T07:35:00Z,1481-1-1-007,31.07,
1746603360000,2025-05-07T07:36:00Z,1481-1-1-007,30.83,
1746603420000,2025-05-07T07:37:00Z,1481-1-1-007,30.68,
1746603480000,2025-05-07T07:38:00Z,1481-1-1-007,30.54,
1746603540000,2025-05-07T07:39:00Z,1481-1-1-007,30.45,
1746603600000,2025-05-07T07:40:00Z,1481-1-1-007,30.39,
1746603660000,2025-05-07T07:41:00Z,1481-1-1-007,30.34,
1746603720000,2025-05-07T07:42:00Z,1481-1-1-007,30.4,
1746603780000,2025-05-07T07:43:00Z,1481-1-1-007,30.42,
1746603840000,2025-05-07T07:44:00Z,1481-1-1-007,30.29,
1746603900000,2025-05-07T07:45:00Z,1481-1-1-007,30.25,
1746603960000,2025-05-07T07:46:00Z,1481-1-1-007,30.2,
1746604020000,2025-05-07T07:47:00Z,1481-1-1-007,30.06,
1746604080000,2025-05-07T07:48:00Z,1481-1-1-007,29.71,
1746604140000,2025-05-07T07:49:00Z,1481-1-1-007,29.27,
1746604200000,2025-05-07T07:50:00Z,1481-1-1-007,28.85,
1746604260000,2025-05-07T07:51:00Z,1481-1-1-007,28.48,
1746604320000,2025-05-07T07:52:00Z,1481-1-1-007,28.31,
1746604380000,2025-05-07T07:53:00Z,1481-1-1-007,28.31,
1746604440000,2025-05-07T07:54:00Z,1481-1-1-007,28.3,
1746604500000,2025-05-07T07:55:00Z,1481-1-1-007,28.3,
1746604560000,2025-05-07T07:56:00Z,1481-1-1-007,28.27,
1746604620000,2025-05-07T07:57:00Z,1481-1-1-007,28.22,
1746604680000,2025-05-07T07:58:00Z,1481-1-1-007,28.18,
1746604740000,2025-05-07T07:59:00Z,1481-1-1-007,28.17,
1746604800000,2025-05-07T08:00:00Z,1481-1-1-007,28.16,
1746604860000,2025-05-07T08:01:00Z,1481-1-1-007,28.11,
1746604920000,2025-05-07T08:02:00Z,1481-1-1-007,28.07,
1746604980000,2025-05-07T08:03:00Z,1481-1-1-007,28.04,
1746605040000,2025-05-07T08:04:00Z,1481-1-1-007,28.11,
1746605100000,2025-05-07T08:05:00Z,1481-1-1-007,28.2,
1746605160000,2025-05-07T08:06:00Z,1481-1-1-007,28.21,
1746605220000,2025-05-07T08:07:00Z,1481-1-1-007,28.24,
1746605280000,2025-05-07T08:08:00Z,1481-1-1-007,28.24,
1746605340000,2025-05-07T08:09:00Z,1481-1-1-007,28.26,
1746605400000,2025-05-07T08:10:00Z,1481-1-1-007,28.33,
1746605460000,2025-05-07T08:11:00Z,1481-1-1-007,28.36,
1746605520000,2025-05-07T08:12:00Z,1481-1-1-007,28.38,
1746605580000,2025-05-07T08:13:00Z,1481-1-1-007,28.4,
1746605640000,2025-05-07T08:14:00Z,1481-1-1-007,28.45,
1746605700000,2025-05-07T08:15:00Z,1481-1-1-007,28.5,
1746605760000,2025-05-07T08:16:00Z,1481-1-1-007,28.55,
1746605820000,2025-05-07T08:17:00Z,1481-1-1-007,28.37,
1746605880000,2025-05-07T08:18:00Z,1481-1-1-007,28.19,
1746605940000,2025-05-07T08:19:00Z,1481-1-1-007,28.12,
1746606000000,2025-05-07T08:20:00Z,1481-1-1-007,28.14,
1746606060000,2025-05-07T08:21:00Z,1481-1-1-007,28.18,
1746606120000,2025-05-07T08:22:00Z,1481-1-1-007,28.27,
1746606180000,2025-05-07T08:23:00Z,1481-1-1-007,28.37,
1746606240000,2025-05-07T08:24:00Z,1481-1-1-007,28.45,
1746606300000,2025-05-07T08:25:00Z,1481-1-1-007,28.48,
1746606360000,2025-05-07T08:26:00Z,1481-1-1-007,28.55,
1746606420000,2025-05-07T08:27:00Z,1481-1-1-007,28.66,
1746606480000,2025-05-07T08:28:00Z,1481-1-1-007,28.8,
1746606540000,2025-05-07T08:29:00Z,1481-1-1-007,28.75,
1746606600000,2025-05-07T08:30:00Z,1481-1-1-007,28.45,
1746606660000,2025-05-07T08:31:00Z,1481-1-1-007,27.98,
1746606720000,2025-05-07T08:32:00Z,1481-1-1-007,27.56,
1746606780000,2025-05-07T08:33:00Z,1481-1-1-007,27.22,
1746606840000,2025-05-07T08:34:00Z,1481-1-1-007,27.15,
1746606900000,2025-05-07T08:35:00Z,1481-1-1-007,27.23,
1746606960000,2025-05-07T08:36:00Z,1481-1-1-007,27.38,
1746607020000,2025-05-07T08:37:00Z,1481-1-1-007,27.65,
1746607080000,2025-05-07T08:38:00Z,1481-1-1-007,27.98,
1746607140000,2025-05-07T08:39:00Z,1481-1-1-007,28.36,
1746607200000,2025-05-07T08:40:00Z,1481-1-1-007,28.58,
1746607260000,2025-05-07T08:41:00Z,1481-1-1-007,28.73,
1746607320000,2025-05-07T08:42:00Z,1481-1-1-007,28.8,
1746607380000,2025-05-07T08:43:00Z,1481-1-1-007,28.84,
1746607440000,2025-05-07T08:44:00Z,1481-1-1-007,28.93,
1746607500000,2025-05-07T08:45:00Z,1481-1-1-007,29.16,
1746607560000,2025-05-07T08:46:00Z,1481-1-1-007,29.46,
1746607620000,2025-05-07T08:47:00Z,1481-1-1-007,29.77,
1746607680000,2025-05-07T08:48:00Z,1481-1-1-007,29.81,
1746607740000,2025-05-07T08:49:00Z,1481-1-1-007,29.93,
1746607800000,2025-05-07T08:50:00Z,1481-1-1-007,30.01,
1746607860000,2025-05-07T08:51:00Z,1481-1-1-007,30.05,
1746607920000,2025-05-07T08:52:00Z,1481-1-1-007,30.1,
1746607980000,2025-05-07T08:53:00Z,1481-1-1-007,30.18,
1746608040000,2025-05-07T08:54:00Z,1481-1-1-007,30.21,
1746608100000,2025-05-07T08:55:00Z,1481-1-1-007,30.2,
1746608160000,2025-05-07T08:56:00Z,1481-1-1-007,30.19,
1746608220000,2025-05-07T08:57:00Z,1481-1-1-007,30.17,
1746608280000,2025-05-07T08:58:00Z,1481-1-1-007,30.12,
1746608340000,2025-05-07T08:59:00Z,1481-1-1-007,29.99,
1746608400000,2025-05-07T09:00:00Z,1481-1-1-007,29.88,
1746608460000,2025-05-07T09:01:00Z,1481-1-1-007,29.79,
1746608520000,2025-05-07T09:02:00Z,1481-1-1-007,29.69,
1746608580000,2025-05-07T09:03:00Z,1481-1-1-007,29.64,
1746608640000,2025-05-07T09:04:00Z,1481-1-1-007,29.6,
1746608700000,2025-05-07T09:05:00Z,1481-1-1-007,29.52,
1746608760000,2025-05-07T09:06:00Z,1481-1-1-007,29.6,
1746608820000,2025-05-07T09:07:00Z,1481-1-1-007,29.75,
1746608880000,2025-05-07T09:08:00Z,1481-1-1-007,29.79,
1746608940000,2025-05-07T09:09:00Z,1481-1-1-007,29.86,
1746609000000,2025-05-07T09:10:00Z,1481-1-1-007,29.92,
1746609060000,2025-05-07T09:11:00Z,1481-1-1-007,29.92,
1746609120000,2025-05-07T09:12:00Z,1481-1-1-007,29.96,
1746609180000,2025-05-07T09:13:00Z,1481-1-1-007,30.04,
1746609240000,2025-05-07T09:14:00Z,1481-1-1-007,30.18,
1746609300000,2025-05-07T09:15:00Z,1481-1-1-007,30.3,
1746609360000,2025-05-07T09:16:00Z,1481-1-1-007,30.01,
1746609420000,2025-05-07T09:17:00Z,1481-1-1-007,30.11,
1746609480000,2025-05-07T09:18:00Z,1481-1-1-007,30.57,
1746609540000,2025-05-07T09:19:00Z,1481-1-1-007,30.95,
1746609600000,2025-05-07T09:20:00Z,1481-1-1-007,31.23,
1746609660000,2025-05-07T09:21:00Z,1481-1-1-007,31.36,
1746609720000,2025-05-07T09:22:00Z,1481-1-1-007,31.47,
1746609780000,2025-05-07T09:23:00Z,1481-1-1-007,31.67,
1746609840000,2025-05-07T09:24:00Z,1481-1-1-007,31.71,
1746609900000,2025-05-07T09:25:00Z,1481-1-1-007,31.73,
1746609960000,2025-05-07T09:26:00Z,1481-1-1-007,31.81,
1746610020000,2025-05-07T09:27:00Z,1481-1-1-007,31.88,
1746610080000,2025-05-07T09:28:00Z,1481-1-1-007,31.86,
1746610140000,2025-05-07T09:29:00Z,1481-1-1-007,31.9,
1746610200000,2025-05-07T09:30:00Z,1481-1-1-007,31.85,
1746610260000,2025-05-07T09:31:00Z,1481-1-1-007,31.68,
1746610320000,2025-05-07T09:32:00Z,1481-1-1-007,31.51,
1746610380000,2025-05-07T09:33:00Z,1481-1-1-007,31.44,
1746610440000,2025-05-07T09:34:00Z,1481-1-1-007,31.39,
1746610500000,2025-05-07T09:35:00Z,1481-1-1-007,31.46,
1746610560000,2025-05-07T09:36:00Z,1481-1-1-007,31.39,
1746610620000,2025-05-07T09:37:00Z,1481-1-1-007,31.4,
1746610680000,2025-05-07T09:38:00Z,1481-1-1-007,31.33,
1746610740000,2025-05-07T09:39:00Z,1481-1-1-007,31.39,
1746610800000,2025-05-07T09:40:00Z,1481-1-1-007,31.37,
1746610860000,2025-05-07T09:41:00Z,1481-1-1-007,31.3,
1746610920000,2025-05-07T09:42:00Z,1481-1-1-007,31.25,
1746610980000,2025-05-07T09:43:00Z,1481-1-1-007,31.2,
1746611040000,2025-05-07T09:44:00Z,1481-1-1-007,31.14,
1746611100000,2025-05-07T09:45:00Z,1481-1-1-007,31.05,
1746611160000,2025-05-07T09:46:00Z,1481-1-1-007,30.96,
1746611220000,2025-05-07T09:47:00Z,1481-1-1-007,31.01,
1746611280000,2025-05-07T09:48:00Z,1481-1-1-007,31.06,
1746611340000,2025-05-07T09:49:00Z,1481-1-1-007,31.1,
1746611400000,2025-05-07T09:50:00Z,1481-1-1-007,31.08,
1746611460000,2025-05-07T09:51:00Z,1481-1-1-007,31.17,
1746611520000,2025-05-07T09:52:00Z,1481-1-1-007,31.17,
1746611580000,2025-05-07T09:53:00Z,1481-1-1-007,,device_not_recording
1746611640000,2025-05-07T09:54:00Z,1481-1-1-007,,device_not_recording
1746611700000,2025-05-07T09:55:00Z,1481-1-1-007,,device_not_recording
1746611760000,2025-05-07T09:56:00Z,1481-1-1-007,,device_not_recording
1746611820000,2025-05-07T09:57:00Z,1481-1-1-007,,device_not_recording
1746611880000,2025-05-07T09:58:00Z,1481-1-1-007,,device_not_recording
1746611940000,2025-05-07T09:59:00Z,1481-1-1-007,,device_not_recording
1746612000000,2025-05-07T10:00:00Z,1481-1-1-007,,device_not_recording
1746612060000,2025-05-07T10:01:00Z,1481-1-1-007,,device_not_recording
1746612120000,2025-05-07T10:02:00Z,1481-1-1-007,,device_not_recording
1746612180000,2025-05-07T10:03:00Z,1481-1-1-007,,device_not_recording
1746612240000,2025-05-07T10:04:00Z,1481-1-1-007,,device_not_recording
1746612300000,2025-05-07T10:05:00Z,1481-1-1-007,,device_not_recording
1746612360000,2025-05-07T10:06:00Z,1481-1-1-007,,device_not_recording
1746612420000,2025-05-07T10:07:00Z,1481-1-1-007,,device_not_recording
1746612480000,2025-05-07T10:08:00Z,1481-1-1-007,,device_not_recording
1746612540000,2025-05-07T10:09:00Z,1481-1-1-007,,device_not_recording
1746612600000,2025-05-07T10:10:00Z,1481-1-1-007,,device_not_recording
1746612660000,2025-05-07T10:11:00Z,1481-1-1-007,,device_not_recording
1746612720000,2025-05-07T10:12:00Z,1481-1-1-007,,device_not_recording
1746612780000,2025-05-07T10:13:00Z,1481-1-1-007,,device_not_recording
1746612840000,2025-05-07T10:14:00Z,1481-1-1-007,,device_not_recording
1746612900000,2025-05-07T10:15:00Z,1481-1-1-007,,device_not_recording
1746612960000,2025-05-07T10:16:00Z,1481-1-1-007,,device_not_recording
1746613020000,2025-05-07T10:17:00Z,1481-1-1-007,,device_not_recording
1746613080000,2025-05-07T10:18:00Z,1481-1-1-007,,device_not_recording
1746613140000,2025-05-07T10:19:00Z,1481-1-1-007,,device_not_recording
1746613200000,2025-05-07T10:20:00Z,1481-1-1-007,,device_not_recording
1746613260000,2025-05-07T10:21:00Z,1481-1-1-007,,device_not_recording
1746613320000,2025-05-07T10:22:00Z,1481-1-1-007,,device_not_recording
1746613380000,2025-05-07T10:23:00Z,1481-1-1-007,,device_not_recording
1746613440000,2025-05-07T10:24:00Z,1481-1-1-007,,device_not_recording
1746613500000,2025-05-07T10:25:00Z,1481-1-1-007,,device_not_recording
1746613560000,2025-05-07T10:26:00Z,1481-1-1-007,,device_not_recording
1746613620000,2025-05-07T10:27:00Z,1481-1-1-007,,device_not_recording
1746613680000,2025-05-07T10:28:00Z,1481-1-1-007,,device_not_recording
1746613740000,2025-05-07T10:29:00Z,1481-1-1-007,,device_not_recording
1746613800000,2025-05-07T10:30:00Z,1481-1-1-007,,device_not_recording
1746613860000,2025-05-07T10:31:00Z,1481-1-1-007,,device_not_recording
1746613920000,2025-05-07T10:32:00Z,1481-1-1-007,,device_not_recording
1746613980000,2025-05-07T10:33:00Z,1481-1-1-007,,device_not_recording
1746614040000,2025-05-07T10:34:00Z,1481-1-1-007,,device_not_recording
1746614100000,2025-05-07T10:35:00Z,1481-1-1-007,,device_not_recording
1746614160000,2025-05-07T10:36:00Z,1481-1-1-007,,device_not_recording
1746614220000,2025-05-07T10:37:00Z,1481-1-1-007,,device_not_recording
1746614280000,2025-05-07T10:38:00Z,1481-1-1-007,,device_not_recording
1746614340000,2025-05-07T10:39:00Z,1481-1-1-007,,device_not_recording
1746614400000,2025-05-07T10:40:00Z,1481-1-1-007,,device_not_recording
1746614460000,2025-05-07T10:41:00Z,1481-1-1-007,,device_not_recording
1746614520000,2025-05-07T10:42:00Z,1481-1-1-007,24.98,
1746614580000,2025-05-07T10:43:00Z,1481-1-1-007,27.72,
1746614640000,2025-05-07T10:44:00Z,1481-1-1-007,29.22,
1746614700000,2025-05-07T10:45:00Z,1481-1-1-007,30.15,
1746614760000,2025-05-07T10:46:00Z,1481-1-1-007,30.79,
1746614820000,2025-05-07T10:47:00Z,1481-1-1-007,31.2,
1746614880000,2025-05-07T10:48:00Z,1481-1-1-007,31.52,
1746614940000,2025-05-07T10:49:00Z,1481-1-1-007,31.63,
1746615000000,2025-05-07T10:50:00Z,1481-1-1-007,31.76,
1746615060000,2025-05-07T10:51:00Z,1481-1-1-007,31.8,
1746615120000,2025-05-07T10:52:00Z,1481-1-1-007,31.75,
1746615180000,2025-05-07T10:53:00Z,1481-1-1-007,31.7,
1746615240000,2025-05-07T10:54:00Z,1481-1-1-007,31.6,
1746615300000,2025-05-07T10:55:00Z,1481-1-1-007,31.56,
1746615360000,2025-05-07T10:56:00Z,1481-1-1-007,31.63,
1746615420000,2025-05-07T10:57:00Z,1481-1-1-007,31.73,
1746615480000,2025-05-07T10:58:00Z,1481-1-1-007,31.8,
1746615540000,2025-05-07T10:59:00Z,1481-1-1-007,31.86,
1746615600000,2025-05-07T11:00:00Z,1481-1-1-007,31.88,
1746615660000,2025-05-07T11:01:00Z,1481-1-1-007,31.97,
1746615720000,2025-05-07T11:02:00Z,1481-1-1-007,32.08,
1746615780000,2025-05-07T11:03:00Z,1481-1-1-007,32.24,
1746615840000,2025-05-07T11:04:00Z,1481-1-1-007,32.34,
1746615900000,2025-05-07T11:05:00Z,1481-1-1-007,32.43,
1746615960000,2025-05-07T11:06:00Z,1481-1-1-007,32.57,
1746616020000,2025-05-07T11:07:00Z,1481-1-1-007,32.62,
1746616080000,2025-05-07T11:08:00Z,1481-1-1-007,32.58,
1746616140000,2025-05-07T11:09:00Z,1481-1-1-007,32.39,
1746616200000,2025-05-07T11:10:00Z,1481-1-1-007,32.17,
1746616260000,2025-05-07T11:11:00Z,1481-1-1-007,32.0,
1746616320000,2025-05-07T11:12:00Z,1481-1-1-007,31.9,
1746616380000,2025-05-07T11:13:00Z,1481-1-1-007,31.91,
1746616440000,2025-05-07T11:14:00Z,1481-1-1-007,31.87,
1746616500000,2025-05-07T11:15:00Z,1481-1-1-007,31.91,
1746616560000,2025-05-07T11:16:00Z,1481-1-1-007,31.94,
1746616620000,2025-05-07T11:17:00Z,1481-1-1-007,31.87,
1746616680000,2025-05-07T11:18:00Z,1481-1-1-007,31.75,
1746616740000,2025-05-07T11:19:00Z,1481-1-1-007,31.67,
1746616800000,2025-05-07T11:20:00Z,1481-1-1-007,31.66,
1746616860000,2025-05-07T11:21:00Z,1481-1-1-007,31.57,
1746616920000,2025-05-07T11:22:00Z,1481-1-1-007,31.36,
1746616980000,2025-05-07T11:23:00Z,1481-1-1-007,31.19,
1746617040000,2025-05-07T11:24:00Z,1481-1-1-007,31.05,
1746617100000,2025-05-07T11:25:00Z,1481-1-1-007,31.02,
1746617160000,2025-05-07T11:26:00Z,1481-1-1-007,30.89,
1746617220000,2025-05-07T11:27:00Z,1481-1-1-007,30.8,
1746617280000,2025-05-07T11:28:00Z,1481-1-1-007,30.83,
1746617340000,2025-05-07T11:29:00Z,1481-1-1-007,30.96,
1746617400000,2025-05-07T11:30:00Z,1481-1-1-007,31.07,
1746617460000,2025-05-07T11:31:00Z,1481-1-1-007,31.23,
1746617520000,2025-05-07T11:32:00Z,1481-1-1-007,31.49,
1746617580000,2025-05-07T11:33:00Z,1481-1-1-007,31.72,
1746617640000,2025-05-07T11:34:00Z,1481-1-1-007,31.89,
1746617700000,2025-05-07T11:35:00Z,1481-1-1-007,31.97,
1746617760000,2025-05-07T11:36:00Z,1481-1-1-007,32.03,
1746617820000,2025-05-07T11:37:00Z,1481-1-1-007,32.13,
1746617880000,2025-05-07T11:38:00Z,1481-1-1-007,32.17,
1746617940000,2025-05-07T11:39:00Z,1481-1-1-007,32.29,
1746618000000,2025-05-07T11:40:00Z,1481-1-1-007,32.37,
1746618060000,2025-05-07T11:41:00Z,1481-1-1-007,32.45,
1746618120000,2025-05-07T11:42:00Z,1481-1-1-007,32.47,
1746618180000,2025-05-07T11:43:00Z,1481-1-1-007,32.46,
1746618240000,2025-05-07T11:44:00Z,1481-1-1-007,32.39,
1746618300000,2025-05-07T11:45:00Z,1481-1-1-007,32.28,
1746618360000,2025-05-07T11:46:00Z,1481-1-1-007,32.26,
1746618420000,2025-05-07T11:47:00Z,1481-1-1-007,32.32,
1746618480000,2025-05-07T11:48:00Z,1481-1-1-007,32.34,
1746618540000,2025-05-07T11:49:00Z,1481-1-1-007,32.38,
1746618600000,2025-05-07T11:50:00Z,1481-1-1-007,32.42,
1746618660000,2025-05-07T11:51:00Z,1481-1-1-007,32.52,
1746618720000,2025-05-07T11:52:00Z,1481-1-1-007,32.53,
1746618780000,2025-05-07T11:53:00Z,1481-1-1-007,32.47,
1746618840000,2025-05-07T11:54:00Z,1481-1-1-007,32.42,
1746618900000,2025-05-07T11:55:00Z,1481-1-1-007,32.4,
1746618960000,2025-05-07T11:56:00Z,1481-1-1-007,32.55,
1746619020000,2025-05-07T11:57:00Z,1481-1-1-007,32.66,
1746619080000,2025-05-07T11:58:00Z,1481-1-1-007,32.72,
1746619140000,2025-05-07T11:59:00Z,1481-1-1-007,32.79,
1746619200000,2025-05-07T12:00:00Z,1481-1-1-007,32.92,
1746619260000,2025-05-07T12:01:00Z,1481-1-1-007,32.96,
1746619320000,2025-05-07T12:02:00Z,1481-1-1-007,32.98,
1746619380000,2025-05-07T12:03:00Z,1481-1-1-007,32.96,
1746619440000,2025-05-07T12:04:00Z,1481-1-1-007,32.98,
1746619500000,2025-05-07T12:05:00Z,1481-1-1-007,32.91,
1746619560000,2025-05-07T12:06:00Z,1481-1-1-007,32.85,
1746619620000,2025-05-07T12:07:00Z,1481-1-1-007,32.8,
1746619680000,2025-05-07T12:08:00Z,1481-1-1-007,32.74,
1746619740000,2025-05-07T12:09:00Z,1481-1-1-007,32.69,
1746619800000,2025-05-07T12:10:00Z,1481-1-1-007,32.65,
1746619860000,2025-05-07T12:11:00Z,1481-1-1-007,32.68,
1746619920000,2025-05-07T12:12:00Z,1481-1-1-007,32.78,
1746619980000,2025-05-07T12:13:00Z,1481-1-1-007,32.86,
1746620040000,2025-05-07T12:14:00Z,1481-1-1-007,32.84,
1746620100000,2025-05-07T12:15:00Z,1481-1-1-007,32.88,
1746620160000,2025-05-07T12:16:00Z,1481-1-1-007,32.96,
1746620220000,2025-05-07T12:17:00Z,1481-1-1-007,32.96,
1746620280000,2025-05-07T12:18:00Z,1481-1-1-007,32.94,
1746620340000,2025-05-07T12:19:00Z,1481-1-1-007,32.85,
1746620400000,2025-05-07T12:20:00Z,1481-1-1-007,32.86,
1746620460000,2025-05-07T12:21:00Z,1481-1-1-007,32.85,
1746620520000,2025-05-07T12:22:00Z,1481-1-1-007,32.85,
1746620580000,2025-05-07T12:23:00Z,1481-1-1-007,32.85,
1746620640000,2025-05-07T12:24:00Z,1481-1-1-007,32.82,
1746620700000,2025-05-07T12:25:00Z,1481-1-1-007,32.83,
1746620760000,2025-05-07T12:26:00Z,1481-1-1-007,32.82,
1746620820000,2025-05-07T12:27:00Z,1481-1-1-007,32.74,
1746620880000,2025-05-07T12:28:00Z,1481-1-1-007,32.76,
1746620940000,2025-05-07T12:29:00Z,1481-1-1-007,32.77,
1746621000000,2025-05-07T12:30:00Z,1481-1-1-007,32.78,
1746621060000,2025-05-07T12:31:00Z,1481-1-1-007,32.83,
1746621120000,2025-05-07T12:32:00Z,1481-1-1-007,32.93,
1746621180000,2025-05-07T12:33:00Z,1481-1-1-007,32.97,
1746621240000,2025-05-07T12:34:00Z,1481-1-1-007,33.03,
1746621300000,2025-05-07T12:35:00Z,1481-1-1-007,32.97,
1746621360000,2025-05-07T12:36:00Z,1481-1-1-007,32.94,
1746621420000,2025-05-07T12:37:00Z,1481-1-1-007,32.91,
1746621480000,2025-05-07T12:38:00Z,1481-1-1-007,32.93,
1746621540000,2025-05-07T12:39:00Z,1481-1-1-007,32.9,
1746621600000,2025-05-07T12:40:00Z,1481-1-1-007,32.89,
1746621660000,2025-05-07T12:41:00Z,1481-1-1-007,32.88,
1746621720000,2025-05-07T12:42:00Z,1481-1-1-007,32.82,
1746621780000,2025-05-07T12:43:00Z,1481-1-1-007,32.81,
1746621840000,2025-05-07T12:44:00Z,1481-1-1-007,32.78,
1746621900000,2025-05-07T12:45:00Z,1481-1-1-007,32.79,
1746621960000,2025-05-07T12:46:00Z,1481-1-1-007,32.81,
1746622020000,2025-05-07T12:47:00Z,1481-1-1-007,32.78,
1746622080000,2025-05-07T12:48:00Z,1481-1-1-007,32.7,
1746622140000,2025-05-07T12:49:00Z,1481-1-1-007,32.59,
1746622200000,2025-05-07T12:50:00Z,1481-1-1-007,32.51,
1746622260000,2025-05-07T12:51:00Z,1481-1-1-007,32.45,
1746622320000,2025-05-07T12:52:00Z,1481-1-1-007,32.43,
1746622380000,2025-05-07T12:53:00Z,1481-1-1-007,32.42,
1746622440000,2025-05-07T12:54:00Z,1481-1-1-007,32.41,
1746622500000,2025-05-07T12:55:00Z,1481-1-1-007,32.45,
1746622560000,2025-05-07T12:56:00Z,1481-1-1-007,32.52,
1746622620000,2025-05-07T12:57:00Z,1481-1-1-007,32.68,
1746622680000,2025-05-07T12:58:00Z,1481-1-1-007,32.81,
1746622740000,2025-05-07T12:59:00Z,1481-1-1-007,32.93,
1746622800000,2025-05-07T13:00:00Z,1481-1-1-007,33.01,
1746622860000,2025-05-07T13:01:00Z,1481-1-1-007,33.08,
1746622920000,2025-05-07T13:02:00Z,1481-1-1-007,33.09,
1746622980000,2025-05-07T13:03:00Z,1481-1-1-007,33.03,
1746623040000,2025-05-07T13:04:00Z,1481-1-1-007,32.91,
1746623100000,2025-05-07T13:05:00Z,1481-1-1-007,32.73,
1746623160000,2025-05-07T13:06:00Z,1481-1-1-007,32.57,
1746623220000,2025-05-07T13:07:00Z,1481-1-1-007,32.4,
1746623280000,2025-05-07T13:08:00Z,1481-1-1-007,32.25,
1746623340000,2025-05-07T13:09:00Z,1481-1-1-007,32.15,
1746623400000,2025-05-07T13:10:00Z,1481-1-1-007,32.12,
1746623460000,2025-05-07T13:11:00Z,1481-1-1-007,32.23,
1746623520000,2025-05-07T13:12:00Z,1481-1-1-007,32.32,
1746623580000,2025-05-07T13:13:00Z,1481-1-1-007,32.4,
1746623640000,2025-05-07T13:14:00Z,1481-1-1-007,32.44,
1746623700000,2025-05-07T13:15:00Z,1481-1-1-007,32.51,
1746623760000,2025-05-07T13:16:00Z,1481-1-1-007,32.59,
1746623820000,2025-05-07T13:17:00Z,1481-1-1-007,32.71,
1746623880000,2025-05-07T13:18:00Z,1481-1-1-007,32.8,
1746623940000,2025-05-07T13:19:00Z,1481-1-1-007,32.97,
1746624000000,2025-05-07T13:20:00Z,1481-1-1-007,33.08,
1746624060000,2025-05-07T13:21:00Z,1481-1-1-007,33.21,
1746624120000,2025-05-07T13:22:00Z,1481-1-1-007,33.34,
1746624180000,2025-05-07T13:23:00Z,1481-1-1-007,33.45,
1746624240000,2025-05-07T13:24:00Z,1481-1-1-007,33.53,
1746624300000,2025-05-07T13:25:00Z,1481-1-1-007,33.62,
1746624360000,2025-05-07T13:26:00Z,1481-1-1-007,33.7,
1746624420000,2025-05-07T13:27:00Z,1481-1-1-007,33.81,
1746624480000,2025-05-07T13:28:00Z,1481-1-1-007,33.92,
1746624540000,2025-05-07T13:29:00Z,1481-1-1-007,34.06,
1746624600000,2025-05-07T13:30:00Z,1481-1-1-007,34.23,
1746624660000,2025-05-07T13:31:00Z,1481-1-1-007,34.29,
1746624720000,2025-05-07T13:32:00Z,1481-1-1-007,34.34,
1746624780000,2025-05-07T13:33:00Z,1481-1-1-007,34.42,
1746624840000,2025-05-07T13:34:00Z,1481-1-1-007,34.48,
1746624900000,2025-05-07T13:35:00Z,1481-1-1-007,34.53,
1746624960000,2025-05-07T13:36:00Z,1481-1-1-007,34.59,
1746625020000,2025-05-07T13:37:00Z,1481-1-1-007,34.63,
1746625080000,2025-05-07T13:38:00Z,1481-1-1-007,34.67,
1746625140000,2025-05-07T13:39:00Z,1481-1-1-007,34.71,
1746625200000,2025-05-07T13:40:00Z,1481-1-1-007,34.75,
1746625260000,2025-05-07T13:41:00Z,1481-1-1-007,34.79,
1746625320000,2025-05-07T13:42:00Z,1481-1-1-007,34.83,
1746625380000,2025-05-07T13:43:00Z,1481-1-1-007,34.86,
1746625440000,2025-05-07T13:44:00Z,1481-1-1-007,34.9,
1746625500000,2025-05-07T13:45:00Z,1481-1-1-007,34.92,
1746625560000,2025-05-07T13:46:00Z,1481-1-1-007,34.91,
1746625620000,2025-05-07T13:47:00Z,1481-1-1-007,34.77,
1746625680000,2025-05-07T13:48:00Z,1481-1-1-007,34.62,
1746625740000,2025-05-07T13:49:00Z,1481-1-1-007,34.53,
1746625800000,2025-05-07T13:50:00Z,1481-1-1-007,34.5,
1746625860000,2025-05-07T13:51:00Z,1481-1-1-007,34.49,
1746625920000,2025-05-07T13:52:00Z,1481-1-1-007,34.51,
1746625980000,2025-05-07T13:53:00Z,1481-1-1-007,34.54,
1746626040000,2025-05-07T13:54:00Z,1481-1-1-007,34.58,
1746626100000,2025-05-07T13:55:00Z,1481-1-1-007,34.62,
1746626160000,2025-05-07T13:56:00Z,1481-1-1-007,34.67,
1746626220000,2025-05-07T13:57:00Z,1481-1-1-007,34.72,
1746626280000,2025-05-07T13:58:00Z,1481-1-1-007,34.77,
1746626340000,2025-05-07T13:59:00Z,1481-1-1-007,34.81,
1746626400000,2025-05-07T14:00:00Z,1481-1-1-007,34.86,
1746626460000,2025-05-07T14:01:00Z,1481-1-1-007,34.9,
1746626520000,2025-05-07T14:02:00Z,1481-1-1-007,34.94,
1746626580000,2025-05-07T14:03:00Z,1481-1-1-007,34.99,
1746626640000,2025-05-07T14:04:00Z,1481-1-1-007,35.03,
1746626700000,2025-05-07T14:05:00Z,1481-1-1-007,35.08,
1746626760000,2025-05-07T14:06:00Z,1481-1-1-007,35.12,
1746626820000,2025-05-07T14:07:00Z,1481-1-1-007,35.18,
1746626880000,2025-05-07T14:08:00Z,1481-1-1-007,35.22,
1746626940000,2025-05-07T14:09:00Z,1481-1-1-007,35.27,
1746627000000,2025-05-07T14:10:00Z,1481-1-1-007,35.32,
1746627060000,2025-05-07T14:11:00Z,1481-1-1-007,35.36,
1746627120000,2025-05-07T14:12:00Z,1481-1-1-007,35.4,
1746627180000,2025-05-07T14:13:00Z,1481-1-1-007,35.44,
1746627240000,2025-05-07T14:14:00Z,1481-1-1-007,35.47,
1746627300000,2025-05-07T14:15:00Z,1481-1-1-007,35.5,
1746627360000,2025-05-07T14:16:00Z,1481-1-1-007,35.53,
1746627420000,2025-05-07T14:17:00Z,1481-1-1-007,35.56,
1746627480000,2025-05-07T14:18:00Z,1481-1-1-007,35.59,
1746627540000,2025-05-07T14:19:00Z,1481-1-1-007,35.61,
1746627600000,2025-05-07T14:20:00Z,1481-1-1-007,35.64,
1746627660000,2025-05-07T14:21:00Z,1481-1-1-007,35.65,
1746627720000,2025-05-07T14:22:00Z,1481-1-1-007,35.54,
1746627780000,2025-05-07T14:23:00Z,1481-1-1-007,35.24,
1746627840000,2025-05-07T14:24:00Z,1481-1-1-007,34.88,
1746627900000,2025-05-07T14:25:00Z,1481-1-1-007,34.5,
1746627960000,2025-05-07T14:26:00Z,1481-1-1-007,34.2,
1746628020000,2025-05-07T14:27:00Z,1481-1-1-007,33.94,
1746628080000,2025-05-07T14:28:00Z,1481-1-1-007,33.73,
1746628140000,2025-05-07T14:29:00Z,1481-1-1-007,33.56,
1746628200000,2025-05-07T14:30:00Z,1481-1-1-007,33.43,
1746628260000,2025-05-07T14:31:00Z,1481-1-1-007,33.3,
1746628320000,2025-05-07T14:32:00Z,1481-1-1-007,33.19,
1746628380000,2025-05-07T14:33:00Z,1481-1-1-007,33.09,
1746628440000,2025-05-07T14:34:00Z,1481-1-1-007,32.99,
1746628500000,2025-05-07T14:35:00Z,1481-1-1-007,32.91,
1746628560000,2025-05-07T14:36:00Z,1481-1-1-007,32.84,
1746628620000,2025-05-07T14:37:00Z,1481-1-1-007,32.77,
1746628680000,2025-05-07T14:38:00Z,1481-1-1-007,32.72,
1746628740000,2025-05-07T14:39:00Z,1481-1-1-007,32.66,
1746628800000,2025-05-07T14:40:00Z,1481-1-1-007,32.6,
1746628860000,2025-05-07T14:41:00Z,1481-1-1-007,32.54,
1746628920000,2025-05-07T14:42:00Z,1481-1-1-007,32.49,
1746628980000,2025-05-07T14:43:00Z,1481-1-1-007,32.45,
1746629040000,2025-05-07T14:44:00Z,1481-1-1-007,32.42,
1746629100000,2025-05-07T14:45:00Z,1481-1-1-007,32.37,
1746629160000,2025-05-07T14:46:00Z,1481-1-1-007,32.31,
1746629220000,2025-05-07T14:47:00Z,1481-1-1-007,32.27,
1746629280000,2025-05-07T14:48:00Z,1481-1-1-007,32.23,
1746629340000,2025-05-07T14:49:00Z,1481-1-1-007,32.19,
1746629400000,2025-05-07T14:50:00Z,1481-1-1-007,32.15,
1746629460000,2025-05-07T14:51:00Z,1481-1-1-007,32.07,
1746629520000,2025-05-07T14:52:00Z,1481-1-1-007,32.01,
1746629580000,2025-05-07T14:53:00Z,1481-1-1-007,31.96,
1746629640000,2025-05-07T14:54:00Z,1481-1-1-007,31.94,
1746629700000,2025-05-07T14:55:00Z,1481-1-1-007,31.9,
1746629760000,2025-05-07T14:56:00Z,1481-1-1-007,31.86,
1746629820000,2025-05-07T14:57:00Z,1481-1-1-007,31.81,
1746629880000,2025-05-07T14:58:00Z,1481-1-1-007,31.77,
1746629940000,2025-05-07T14:59:00Z,1481-1-1-007,31.72,
1746630000000,2025-05-07T15:00:00Z,1481-1-1-007,31.68,
1746630060000,2025-05-07T15:01:00Z,1481-1-1-007,31.64,
1746630120000,2025-05-07T15:02:00Z,1481-1-1-007,31.6,
1746630180000,2025-05-07T15:03:00Z,1481-1-1-007,31.6,
1746630240000,2025-05-07T15:04:00Z,1481-1-1-007,31.69,
1746630300000,2025-05-07T15:05:00Z,1481-1-1-007,31.79,
1746630360000,2025-05-07T15:06:00Z,1481-1-1-007,31.88,
1746630420000,2025-05-07T15:07:00Z,1481-1-1-007,31.96,
1746630480000,2025-05-07T15:08:00Z,1481-1-1-007,32.03,
1746630540000,2025-05-07T15:09:00Z,1481-1-1-007,32.1,
1746630600000,2025-05-07T15:10:00Z,1481-1-1-007,32.15,
1746630660000,2025-05-07T15:11:00Z,1481-1-1-007,32.2,
1746630720000,2025-05-07T15:12:00Z,1481-1-1-007,32.25,
1746630780000,2025-05-07T15:13:00Z,1481-1-1-007,32.28,
1746630840000,2025-05-07T15:14:00Z,1481-1-1-007,32.23,
1746630900000,2025-05-07T15:15:00Z,1481-1-1-007,32.16,
1746630960000,2025-05-07T15:16:00Z,1481-1-1-007,32.07,
1746631020000,2025-05-07T15:17:00Z,1481-1-1-007,31.99,
1746631080000,2025-05-07T15:18:00Z,1481-1-1-007,31.9,
1746631140000,2025-05-07T15:19:00Z,1481-1-1-007,31.82,
1746631200000,2025-05-07T15:20:00Z,1481-1-1-007,31.75,
1746631260000,2025-05-07T15:21:00Z,1481-1-1-007,31.69,
1746631320000,2025-05-07T15:22:00Z,1481-1-1-007,31.67,
1746631380000,2025-05-07T15:23:00Z,1481-1-1-007,31.77,
1746631440000,2025-05-07T15:24:00Z,1481-1-1-007,31.87,
1746631500000,2025-05-07T15:25:00Z,1481-1-1-007,32.01,
1746631560000,2025-05-07T15:26:00Z,1481-1-1-007,32.17,
1746631620000,2025-05-07T15:27:00Z,1481-1-1-007,32.34,
1746631680000,2025-05-07T15:28:00Z,1481-1-1-007,32.5,
1746631740000,2025-05-07T15:29:00Z,1481-1-1-007,32.66,
1746631800000,2025-05-07T15:30:00Z,1481-1-1-007,32.79,
1746631860000,2025-05-07T15:31:00Z,1481-1-1-007,32.92,
1746631920000,2025-05-07T15:32:00Z,1481-1-1-007,33.04,
1746631980000,2025-05-07T15:33:00Z,1481-1-1-007,33.15,
1746632040000,2025-05-07T15:34:00Z,1481-1-1-007,33.26,
1746632100000,2025-05-07T15:35:00Z,1481-1-1-007,33.36,
1746632160000,2025-05-07T15:36:00Z,1481-1-1-007,33.46,
1746632220000,2025-05-07T15:37:00Z,1481-1-1-007,33.55,
1746632280000,2025-05-07T15:38:00Z,1481-1-1-007,33.64,
1746632340000,2025-05-07T15:39:00Z,1481-1-1-007,33.73,
1746632400000,2025-05-07T15:40:00Z,1481-1-1-007,33.81,
1746632460000,2025-05-07T15:41:00Z,1481-1-1-007,33.89,
1746632520000,2025-05-07T15:42:00Z,1481-1-1-007,33.96,
1746632580000,2025-05-07T15:43:00Z,1481-1-1-007,34.03,
1746632640000,2025-05-07T15:44:00Z,1481-1-1-007,34.1,
1746632700000,2025-05-07T15:45:00Z,1481-1-1-007,34.16,
1746632760000,2025-05-07T15:46:00Z,1481-1-1-007,34.22,
1746632820000,2025-05-07T15:47:00Z,1481-1-1-007,34.27,
1746632880000,2025-05-07T15:48:00Z,1481-1-1-007,34.32,
1746632940000,2025-05-07T15:49:00Z,1481-1-1-007,34.37,
1746633000000,2025-05-07T15:50:00Z,1481-1-1-007,34.42,
1746633060000,2025-05-07T15:51:00Z,1481-1-1-007,34.46,
1746633120000,2025-05-07T15:52:00Z,1481-1-1-007,34.51,
1746633180000,2025-05-07T15:53:00Z,1481-1-1-007,34.55,
1746633240000,2025-05-07T15:54:00Z,1481-1-1-007,34.58,
1746633300000,2025-05-07T15:55:00Z,1481-1-1-007,34.58,
1746633360000,2025-05-07T15:56:00Z,1481-1-1-007,34.41,
1746633420000,2025-05-07T15:57:00Z,1481-1-1-007,34.23,
1746633480000,2025-05-07T15:58:00Z,1481-1-1-007,34.05,
1746633540000,2025-05-07T15:59:00Z,1481-1-1-007,33.88,
1746633600000,2025-05-07T16:00:00Z,1481-1-1-007,33.74,
1746633660000,2025-05-07T16:01:00Z,1481-1-1-007,33.6,
1746633720000,2025-05-07T16:02:00Z,1481-1-1-007,33.48,
1746633780000,2025-05-07T16:03:00Z,1481-1-1-007,33.37,
1746633840000,2025-05-07T16:04:00Z,1481-1-1-007,33.29,
1746633900000,2025-05-07T16:05:00Z,1481-1-1-007,33.21,
1746633960000,2025-05-07T16:06:00Z,1481-1-1-007,33.13,
1746634020000,2025-05-07T16:07:00Z,1481-1-1-007,33.06,
1746634080000,2025-05-07T16:08:00Z,1481-1-1-007,32.99,
1746634140000,2025-05-07T16:09:00Z,1481-1-1-007,32.9,
1746634200000,2025-05-07T16:10:00Z,1481-1-1-007,32.78,
1746634260000,2025-05-07T16:11:00Z,1481-1-1-007,32.65,
1746634320000,2025-05-07T16:12:00Z,1481-1-1-007,32.51,
1746634380000,2025-05-07T16:13:00Z,1481-1-1-007,32.37,
1746634440000,2025-05-07T16:14:00Z,1481-1-1-007,32.23,
1746634500000,2025-05-07T16:15:00Z,1481-1-1-007,32.12,
1746634560000,2025-05-07T16:16:00Z,1481-1-1-007,32.02,
1746634620000,2025-05-07T16:17:00Z,1481-1-1-007,31.93,
1746634680000,2025-05-07T16:18:00Z,1481-1-1-007,31.85,
1746634740000,2025-05-07T16:19:00Z,1481-1-1-007,31.77,
1746634800000,2025-05-07T16:20:00Z,1481-1-1-007,31.7,
1746634860000,2025-05-07T16:21:00Z,1481-1-1-007,31.62,
1746634920000,2025-05-07T16:22:00Z,1481-1-1-007,31.55,
1746634980000,2025-05-07T16:23:00Z,1481-1-1-007,31.5,
1746635040000,2025-05-07T16:24:00Z,1481-1-1-007,31.43,
1746635100000,2025-05-07T16:25:00Z,1481-1-1-007,31.4,
1746635160000,2025-05-07T16:26:00Z,1481-1-1-007,31.35,
1746635220000,2025-05-07T16:27:00Z,1481-1-1-007,31.3,
1746635280000,2025-05-07T16:28:00Z,1481-1-1-007,31.23,
1746635340000,2025-05-07T16:29:00Z,1481-1-1-007,31.19,
1746635400000,2025-05-07T16:30:00Z,1481-1-1-007,31.15,
1746635460000,2025-05-07T16:31:00Z,1481-1-1-007,31.14,
1746635520000,2025-05-07T16:32:00Z,1481-1-1-007,31.24,
1746635580000,2025-05-07T16:33:00Z,1481-1-1-007,31.4,
1746635640000,2025-05-07T16:34:00Z,1481-1-1-007,31.58,
1746635700000,2025-05-07T16:35:00Z,1481-1-1-007,31.78,
1746635760000,2025-05-07T16:36:00Z,1481-1-1-007,31.96,
1746635820000,2025-05-07T16:37:00Z,1481-1-1-007,32.12,
1746635880000,2025-05-07T16:38:00Z,1481-1-1-007,32.27,
1746635940000,2025-05-07T16:39:00Z,1481-1-1-007,32.42,
1746636000000,2025-05-07T16:40:00Z,1481-1-1-007,32.55,
1746636060000,2025-05-07T16:41:00Z,1481-1-1-007,32.67,
1746636120000,2025-05-07T16:42:00Z,1481-1-1-007,32.78,
1746636180000,2025-05-07T16:43:00Z,1481-1-1-007,32.87,
1746636240000,2025-05-07T16:44:00Z,1481-1-1-007,32.96,
1746636300000,2025-05-07T16:45:00Z,1481-1-1-007,33.04,
1746636360000,2025-05-07T16:46:00Z,1481-1-1-007,33.12,
1746636420000,2025-05-07T16:47:00Z,1481-1-1-007,33.19,
1746636480000,2025-05-07T16:48:00Z,1481-1-1-007,33.24,
1746636540000,2025-05-07T16:49:00Z,1481-1-1-007,33.3,
1746636600000,2025-05-07T16:50:00Z,1481-1-1-007,33.36,
1746636660000,2025-05-07T16:51:00Z,1481-1-1-007,33.42,
1746636720000,2025-05-07T16:52:00Z,1481-1-1-007,33.46,
1746636780000,2025-05-07T16:53:00Z,1481-1-1-007,33.5,
1746636840000,2025-05-07T16:54:00Z,1481-1-1-007,33.53,
1746636900000,2025-05-07T16:55:00Z,1481-1-1-007,33.58,
1746636960000,2025-05-07T16:56:00Z,1481-1-1-007,33.71,
1746637020000,2025-05-07T16:57:00Z,1481-1-1-007,33.86,
1746637080000,2025-05-07T16:58:00Z,1481-1-1-007,33.99,
1746637140000,2025-05-07T16:59:00Z,1481-1-1-007,34.09,
1746637200000,2025-05-07T17:00:00Z,1481-1-1-007,34.16,
1746637260000,2025-05-07T17:01:00Z,1481-1-1-007,34.24,
1746637320000,2025-05-07T17:02:00Z,1481-1-1-007,34.29,
1746637380000,2025-05-07T17:03:00Z,1481-1-1-007,34.35,
1746637440000,2025-05-07T17:04:00Z,1481-1-1-007,34.39,
1746637500000,2025-05-07T17:05:00Z,1481-1-1-007,34.44,
1746637560000,2025-05-07T17:06:00Z,1481-1-1-007,34.47,
1746637620000,2025-05-07T17:07:00Z,1481-1-1-007,34.52,
1746637680000,2025-05-07T17:08:00Z,1481-1-1-007,34.56,
1746637740000,2025-05-07T17:09:00Z,1481-1-1-007,34.56,
1746637800000,2025-05-07T17:10:00Z,1481-1-1-007,34.39,
1746637860000,2025-05-07T17:11:00Z,1481-1-1-007,34.22,
1746637920000,2025-05-07T17:12:00Z,1481-1-1-007,34.06,
1746637980000,2025-05-07T17:13:00Z,1481-1-1-007,33.93,
1746638040000,2025-05-07T17:14:00Z,1481-1-1-007,33.82,
1746638100000,2025-05-07T17:15:00Z,1481-1-1-007,33.72,
1746638160000,2025-05-07T17:16:00Z,1481-1-1-007,33.62,
1746638220000,2025-05-07T17:17:00Z,1481-1-1-007,33.55,
1746638280000,2025-05-07T17:18:00Z,1481-1-1-007,33.48,
1746638340000,2025-05-07T17:19:00Z,1481-1-1-007,33.43,
1746638400000,2025-05-07T17:20:00Z,1481-1-1-007,33.38,
1746638460000,2025-05-07T17:21:00Z,1481-1-1-007,33.32,
1746638520000,2025-05-07T17:22:00Z,1481-1-1-007,33.26,
1746638580000,2025-05-07T17:23:00Z,1481-1-1-007,33.2,
1746638640000,2025-05-07T17:24:00Z,1481-1-1-007,33.15,
1746638700000,2025-05-07T17:25:00Z,1481-1-1-007,33.1,
1746638760000,2025-05-07T17:26:00Z,1481-1-1-007,33.07,
1746638820000,2025-05-07T17:27:00Z,1481-1-1-007,33.03,
1746638880000,2025-05-07T17:28:00Z,1481-1-1-007,33.01,
1746638940000,2025-05-07T17:29:00Z,1481-1-1-007,32.99,
1746639000000,2025-05-07T17:30:00Z,1481-1-1-007,32.98,
1746639060000,2025-05-07T17:31:00Z,1481-1-1-007,32.97,
1746639120000,2025-05-07T17:32:00Z,1481-1-1-007,32.97,
1746639180000,2025-05-07T17:33:00Z,1481-1-1-007,32.96,
1746639240000,2025-05-07T17:34:00Z,1481-1-1-007,32.95,
1746639300000,2025-05-07T17:35:00Z,1481-1-1-007,32.91,
1746639360000,2025-05-07T17:36:00Z,1481-1-1-007,32.89,
1746639420000,2025-05-07T17:37:00Z,1481-1-1-007,32.9,
1746639480000,2025-05-07T17:38:00Z,1481-1-1-007,32.93,
1746639540000,2025-05-07T17:39:00Z,1481-1-1-007,32.97,
1746639600000,2025-05-07T17:40:00Z,1481-1-1-007,33.0,
1746639660000,2025-05-07T17:41:00Z,1481-1-1-007,33.03,
1746639720000,2025-05-07T17:42:00Z,1481-1-1-007,33.05,
1746639780000,2025-05-07T17:43:00Z,1481-1-1-007,33.07,
1746639840000,2025-05-07T17:44:00Z,1481-1-1-007,33.1,
1746639900000,2025-05-07T17:45:00Z,1481-1-1-007,33.12,
1746639960000,2025-05-07T17:46:00Z,1481-1-1-007,33.14,
1746640020000,2025-05-07T17:47:00Z,1481-1-1-007,33.15,
1746640080000,2025-05-07T17:48:00Z,1481-1-1-007,33.17,
1746640140000,2025-05-07T17:49:00Z,1481-1-1-007,33.18,
1746640200000,2025-05-07T17:50:00Z,1481-1-1-007,33.19,
1746640260000,2025-05-07T17:51:00Z,1481-1-1-007,33.19,
1746640320000,2025-05-07T17:52:00Z,1481-1-1-007,33.11,
1746640380000,2025-05-07T17:53:00Z,1481-1-1-007,33.0,
1746640440000,2025-05-07T17:54:00Z,1481-1-1-007,32.85,
1746640500000,2025-05-07T17:55:00Z,1481-1-1-007,32.72,
1746640560000,2025-05-07T17:56:00Z,1481-1-1-007,32.65,
1746640620000,2025-05-07T17:57:00Z,1481-1-1-007,32.59,
1746640680000,2025-05-07T17:58:00Z,1481-1-1-007,32.56,
1746640740000,2025-05-07T17:59:00Z,1481-1-1-007,32.59,
1746640800000,2025-05-07T18:00:00Z,1481-1-1-007,32.65,
1746640860000,2025-05-07T18:01:00Z,1481-1-1-007,32.71,
1746640920000,2025-05-07T18:02:00Z,1481-1-1-007,32.77,
1746640980000,2025-05-07T18:03:00Z,1481-1-1-007,32.82,
1746641040000,2025-05-07T18:04:00Z,1481-1-1-007,32.88,
1746641100000,2025-05-07T18:05:00Z,1481-1-1-007,32.94,
1746641160000,2025-05-07T18:06:00Z,1481-1-1-007,32.99,
1746641220000,2025-05-07T18:07:00Z,1481-1-1-007,33.05,
1746641280000,2025-05-07T18:08:00Z,1481-1-1-007,33.1,
1746641340000,2025-05-07T18:09:00Z,1481-1-1-007,33.18,
1746641400000,2025-05-07T18:10:00Z,1481-1-1-007,33.28,
1746641460000,2025-05-07T18:11:00Z,1481-1-1-007,33.41,
1746641520000,2025-05-07T18:12:00Z,1481-1-1-007,33.53,
1746641580000,2025-05-07T18:13:00Z,1481-1-1-007,33.66,
1746641640000,2025-05-07T18:14:00Z,1481-1-1-007,33.77,
1746641700000,2025-05-07T18:15:00Z,1481-1-1-007,33.87,
1746641760000,2025-05-07T18:16:00Z,1481-1-1-007,33.96,
1746641820000,2025-05-07T18:17:00Z,1481-1-1-007,34.04,
1746641880000,2025-05-07T18:18:00Z,1481-1-1-007,34.01,
1746641940000,2025-05-07T18:19:00Z,1481-1-1-007,33.86,
1746642000000,2025-05-07T18:20:00Z,1481-1-1-007,33.7,
1746642060000,2025-05-07T18:21:00Z,1481-1-1-007,33.56,
1746642120000,2025-05-07T18:22:00Z,1481-1-1-007,33.44,
1746642180000,2025-05-07T18:23:00Z,1481-1-1-007,33.33,
1746642240000,2025-05-07T18:24:00Z,1481-1-1-007,33.22,
1746642300000,2025-05-07T18:25:00Z,1481-1-1-007,33.13,
1746642360000,2025-05-07T18:26:00Z,1481-1-1-007,33.07,
1746642420000,2025-05-07T18:27:00Z,1481-1-1-007,33.01,
1746642480000,2025-05-07T18:28:00Z,1481-1-1-007,32.96,
1746642540000,2025-05-07T18:29:00Z,1481-1-1-007,32.93,
1746642600000,2025-05-07T18:30:00Z,1481-1-1-007,32.89,
1746642660000,2025-05-07T18:31:00Z,1481-1-1-007,32.86,
1746642720000,2025-05-07T18:32:00Z,1481-1-1-007,32.84,
1746642780000,2025-05-07T18:33:00Z,1481-1-1-007,32.82,
1746642840000,2025-05-07T18:34:00Z,1481-1-1-007,32.79,
1746642900000,2025-05-07T18:35:00Z,1481-1-1-007,32.76,
1746642960000,2025-05-07T18:36:00Z,1481-1-1-007,32.73,
1746643020000,2025-05-07T18:37:00Z,1481-1-1-007,32.71,
1746643080000,2025-05-07T18:38:00Z,1481-1-1-007,32.74,
1746643140000,2025-05-07T18:39:00Z,1481-1-1-007,32.9,
1746643200000,2025-05-07T18:40:00Z,1481-1-1-007,33.11,
1746643260000,2025-05-07T18:41:00Z,1481-1-1-007,33.32,
1746643320000,2025-05-07T18:42:00Z,1481-1-1-007,33.52,
1746643380000,2025-05-07T18:43:00Z,1481-1-1-007,33.68,
1746643440000,2025-05-07T18:44:00Z,1481-1-1-007,33.82,
1746643500000,2025-05-07T18:45:00Z,1481-1-1-007,33.95,
1746643560000,2025-05-07T18:46:00Z,1481-1-1-007,34.07,
1746643620000,2025-05-07T18:47:00Z,1481-1-1-007,34.17,
1746643680000,2025-05-07T18:48:00Z,1481-1-1-007,34.24,
1746643740000,2025-05-07T18:49:00Z,1481-1-1-007,34.29,
1746643800000,2025-05-07T18:50:00Z,1481-1-1-007,34.34,
1746643860000,2025-05-07T18:51:00Z,1481-1-1-007,34.37,
1746643920000,2025-05-07T18:52:00Z,1481-1-1-007,34.41,
1746643980000,2025-05-07T18:53:00Z,1481-1-1-007,34.43,
1746644040000,2025-05-07T18:54:00Z,1481-1-1-007,34.44,
1746644100000,2025-05-07T18:55:00Z,1481-1-1-007,34.46,
1746644160000,2025-05-07T18:56:00Z,1481-1-1-007,34.5,
1746644220000,2025-05-07T18:57:00Z,1481-1-1-007,34.55,
1746644280000,2025-05-07T18:58:00Z,1481-1-1-007,34.61,
1746644340000,2025-05-07T18:59:00Z,1481-1-1-007,34.67,
1746644400000,2025-05-07T19:00:00Z,1481-1-1-007,34.72,
1746644460000,2025-05-07T19:01:00Z,1481-1-1-007,34.77,
1746644520000,2025-05-07T19:02:00Z,1481-1-1-007,34.82,
1746644580000,2025-05-07T19:03:00Z,1481-1-1-007,34.86,
1746644640000,2025-05-07T19:04:00Z,1481-1-1-007,34.82,
1746644700000,2025-05-07T19:05:00Z,1481-1-1-007,34.62,
1746644760000,2025-05-07T19:06:00Z,1481-1-1-007,34.47,
1746644820000,2025-05-07T19:07:00Z,1481-1-1-007,34.39,
1746644880000,2025-05-07T19:08:00Z,1481-1-1-007,34.35,
1746644940000,2025-05-07T19:09:00Z,1481-1-1-007,34.33,
1746645000000,2025-05-07T19:10:00Z,1481-1-1-007,34.32,
1746645060000,2025-05-07T19:11:00Z,1481-1-1-007,34.31,
1746645120000,2025-05-07T19:12:00Z,1481-1-1-007,34.3,
1746645180000,2025-05-07T19:13:00Z,1481-1-1-007,34.3,
1746645240000,2025-05-07T19:14:00Z,1481-1-1-007,34.3,
1746645300000,2025-05-07T19:15:00Z,1481-1-1-007,34.31,
1746645360000,2025-05-07T19:16:00Z,1481-1-1-007,34.32,
1746645420000,2025-05-07T19:17:00Z,1481-1-1-007,34.33,
1746645480000,2025-05-07T19:18:00Z,1481-1-1-007,34.34,
1746645540000,2025-05-07T19:19:00Z,1481-1-1-007,34.35,
1746645600000,2025-05-07T19:20:00Z,1481-1-1-007,34.36,
1746645660000,2025-05-07T19:21:00Z,1481-1-1-007,34.38,
1746645720000,2025-05-07T19:22:00Z,1481-1-1-007,34.39,
1746645780000,2025-05-07T19:23:00Z,1481-1-1-007,34.41,
1746645840000,2025-05-07T19:24:00Z,1481-1-1-007,34.42,
1746645900000,2025-05-07T19:25:00Z,1481-1-1-007,34.37,
1746645960000,2025-05-07T19:26:00Z,1481-1-1-007,34.26,
1746646020000,2025-05-07T19:27:00Z,1481-1-1-007,34.13,
1746646080000,2025-05-07T19:28:00Z,1481-1-1-007,34.01,
1746646140000,2025-05-07T19:29:00Z,1481-1-1-007,33.89,
1746646200000,2025-05-07T19:30:00Z,1481-1-1-007,33.79,
1746646260000,2025-05-07T19:31:00Z,1481-1-1-007,33.7,
1746646320000,2025-05-07T19:32:00Z,1481-1-1-007,33.6,
1746646380000,2025-05-07T19:33:00Z,1481-1-1-007,33.52,
1746646440000,2025-05-07T19:34:00Z,1481-1-1-007,33.44,
1746646500000,2025-05-07T19:35:00Z,1481-1-1-007,33.3,
1746646560000,2025-05-07T19:36:00Z,1481-1-1-007,33.21,
1746646620000,2025-05-07T19:37:00Z,1481-1-1-007,33.14,
1746646680000,2025-05-07T19:38:00Z,1481-1-1-007,33.09,
1746646740000,2025-05-07T19:39:00Z,1481-1-1-007,33.05,
1746646800000,2025-05-07T19:40:00Z,1481-1-1-007,33.01,
1746646860000,2025-05-07T19:41:00Z,1481-1-1-007,32.98,
1746646920000,2025-05-07T19:42:00Z,1481-1-1-007,32.97,
1746646980000,2025-05-07T19:43:00Z,1481-1-1-007,32.95,
1746647040000,2025-05-07T19:44:00Z,1481-1-1-007,32.94,
1746647100000,2025-05-07T19:45:00Z,1481-1-1-007,32.92,
1746647160000,2025-05-07T19:46:00Z,1481-1-1-007,32.91,
1746647220000,2025-05-07T19:47:00Z,1481-1-1-007,32.92,
1746647280000,2025-05-07T19:48:00Z,1481-1-1-007,32.93,
1746647340000,2025-05-07T19:49:00Z,1481-1-1-007,32.92,
1746647400000,2025-05-07T19:50:00Z,1481-1-1-007,32.9,
1746647460000,2025-05-07T19:51:00Z,1481-1-1-007,32.88,
1746647520000,2025-05-07T19:52:00Z,1481-1-1-007,32.87,
1746647580000,2025-05-07T19:53:00Z,1481-1-1-007,32.86,
1746647640000,2025-05-07T19:54:00Z,1481-1-1-007,32.85,
1746647700000,2025-05-07T19:55:00Z,1481-1-1-007,32.83,
1746647760000,2025-05-07T19:56:00Z,1481-1-1-007,32.81,
1746647820000,2025-05-07T19:57:00Z,1481-1-1-007,32.8,
1746647880000,2025-05-07T19:58:00Z,1481-1-1-007,32.81,
1746647940000,2025-05-07T19:59:00Z,1481-1-1-007,32.8,
1746648000000,2025-05-07T20:00:00Z,1481-1-1-007,32.78,
1746648060000,2025-05-07T20:01:00Z,1481-1-1-007,32.77,
1746648120000,2025-05-07T20:02:00Z,1481-1-1-007,32.76,
1746648180000,2025-05-07T20:03:00Z,1481-1-1-007,32.75,
1746648240000,2025-05-07T20:04:00Z,1481-1-1-007,32.73,
1746648300000,2025-05-07T20:05:00Z,1481-1-1-007,32.77,
1746648360000,2025-05-07T20:06:00Z,1481-1-1-007,32.88,
1746648420000,2025-05-07T20:07:00Z,1481-1-1-007,33.0,
1746648480000,2025-05-07T20:08:00Z,1481-1-1-007,33.1,
1746648540000,2025-05-07T20:09:00Z,1481-1-1-007,33.2,
1746648600000,2025-05-07T20:10:00Z,1481-1-1-007,33.28,
1746648660000,2025-05-07T20:11:00Z,1481-1-1-007,33.35,
1746648720000,2025-05-07T20:12:00Z,1481-1-1-007,33.41,
1746648780000,2025-05-07T20:13:00Z,1481-1-1-007,33.46,
1746648840000,2025-05-07T20:14:00Z,1481-1-1-007,33.49,
1746648900000,2025-05-07T20:15:00Z,1481-1-1-007,33.52,
1746648960000,2025-05-07T20:16:00Z,1481-1-1-007,33.53,
1746649020000,2025-05-07T20:17:00Z,1481-1-1-007,33.54,
1746649080000,2025-05-07T20:18:00Z,1481-1-1-007,33.53,
1746649140000,2025-05-07T20:19:00Z,1481-1-1-007,33.52,
1746649200000,2025-05-07T20:20:00Z,1481-1-1-007,33.52,
1746649260000,2025-05-07T20:21:00Z,1481-1-1-007,33.56,
1746649320000,2025-05-07T20:22:00Z,1481-1-1-007,33.59,
1746649380000,2025-05-07T20:23:00Z,1481-1-1-007,33.62,
1746649440000,2025-05-07T20:24:00Z,1481-1-1-007,33.63,
1746649500000,2025-05-07T20:25:00Z,1481-1-1-007,33.63,
1746649560000,2025-05-07T20:26:00Z,1481-1-1-007,33.62,
1746649620000,2025-05-07T20:27:00Z,1481-1-1-007,33.62,
1746649680000,2025-05-07T20:28:00Z,1481-1-1-007,33.64,
1746649740000,2025-05-07T20:29:00Z,1481-1-1-007,33.6,
1746649800000,2025-05-07T20:30:00Z,1481-1-1-007,33.53,
1746649860000,2025-05-07T20:31:00Z,1481-1-1-007,33.45,
1746649920000,2025-05-07T20:32:00Z,1481-1-1-007,33.39,
1746649980000,2025-05-07T20:33:00Z,1481-1-1-007,33.36,
1746650040000,2025-05-07T20:34:00Z,1481-1-1-007,33.37,
1746650100000,2025-05-07T20:35:00Z,1481-1-1-007,33.46,
1746650160000,2025-05-07T20:36:00Z,1481-1-1-007,33.62,
1746650220000,2025-05-07T20:37:00Z,1481-1-1-007,33.76,
1746650280000,2025-05-07T20:38:00Z,1481-1-1-007,33.9,
1746650340000,2025-05-07T20:39:00Z,1481-1-1-007,34.0,
1746650400000,2025-05-07T20:40:00Z,1481-1-1-007,34.09,
1746650460000,2025-05-07T20:41:00Z,1481-1-1-007,34.18,
1746650520000,2025-05-07T20:42:00Z,1481-1-1-007,34.26,
1746650580000,2025-05-07T20:43:00Z,1481-1-1-007,34.32,
1746650640000,2025-05-07T20:44:00Z,1481-1-1-007,34.36,
1746650700000,2025-05-07T20:45:00Z,1481-1-1-007,34.37,
1746650760000,2025-05-07T20:46:00Z,1481-1-1-007,34.37,
1746650820000,2025-05-07T20:47:00Z,1481-1-1-007,34.38,
1746650880000,2025-05-07T20:48:00Z,1481-1-1-007,34.39,
1746650940000,2025-05-07T20:49:00Z,1481-1-1-007,34.39,
1746651000000,2025-05-07T20:50:00Z,1481-1-1-007,34.45,
1746651060000,2025-05-07T20:51:00Z,1481-1-1-007,34.57,
1746651120000,2025-05-07T20:52:00Z,1481-1-1-007,34.69,
1746651180000,2025-05-07T20:53:00Z,1481-1-1-007,34.8,
1746651240000,2025-05-07T20:54:00Z,1481-1-1-007,34.91,
1746651300000,2025-05-07T20:55:00Z,1481-1-1-007,35.0,
1746651360000,2025-05-07T20:56:00Z,1481-1-1-007,35.04,
1746651420000,2025-05-07T20:57:00Z,1481-1-1-007,35.09,
1746651480000,2025-05-07T20:58:00Z,1481-1-1-007,35.1,
1746651540000,2025-05-07T20:59:00Z,1481-1-1-007,35.05,
1746651600000,2025-05-07T21:00:00Z,1481-1-1-007,35.01,
1746651660000,2025-05-07T21:01:00Z,1481-1-1-007,34.97,
1746651720000,2025-05-07T21:02:00Z,1481-1-1-007,34.93,
1746651780000,2025-05-07T21:03:00Z,1481-1-1-007,34.9,
1746651840000,2025-05-07T21:04:00Z,1481-1-1-007,34.86,
1746651900000,2025-05-07T21:05:00Z,1481-1-1-007,34.84,
1746651960000,2025-05-07T21:06:00Z,1481-1-1-007,34.89,
1746652020000,2025-05-07T21:07:00Z,1481-1-1-007,34.98,
1746652080000,2025-05-07T21:08:00Z,1481-1-1-007,35.06,
1746652140000,2025-05-07T21:09:00Z,1481-1-1-007,35.14,
1746652200000,2025-05-07T21:10:00Z,1481-1-1-007,35.2,
1746652260000,2025-05-07T21:11:00Z,1481-1-1-007,35.26,
1746652320000,2025-05-07T21:12:00Z,1481-1-1-007,35.31,
1746652380000,2025-05-07T21:13:00Z,1481-1-1-007,35.35,
1746652440000,2025-05-07T21:14:00Z,1481-1-1-007,35.38,
1746652500000,2025-05-07T21:15:00Z,1481-1-1-007,35.38,
1746652560000,2025-05-07T21:16:00Z,1481-1-1-007,35.37,
1746652620000,2025-05-07T21:17:00Z,1481-1-1-007,35.36,
1746652680000,2025-05-07T21:18:00Z,1481-1-1-007,35.33,
1746652740000,2025-05-07T21:19:00Z,1481-1-1-007,35.31,
1746652800000,2025-05-07T21:20:00Z,1481-1-1-007,35.29,
1746652860000,2025-05-07T21:21:00Z,1481-1-1-007,35.27,
1746652920000,2025-05-07T21:22:00Z,1481-1-1-007,35.18,
1746652980000,2025-05-07T21:23:00Z,1481-1-1-007,35.09,
1746653040000,2025-05-07T21:24:00Z,1481-1-1-007,35.02,
1746653100000,2025-05-07T21:25:00Z,1481-1-1-007,34.97,
1746653160000,2025-05-07T21:26:00Z,1481-1-1-007,34.93,
1746653220000,2025-05-07T21:27:00Z,1481-1-1-007,34.87,
1746653280000,2025-05-07T21:28:00Z,1481-1-1-007,34.73,
1746653340000,2025-05-07T21:29:00Z,1481-1-1-007,34.48,
1746653400000,2025-05-07T21:30:00Z,1481-1-1-007,34.23,
1746653460000,2025-05-07T21:31:00Z,1481-1-1-007,34.11,
1746653520000,2025-05-07T21:32:00Z,1481-1-1-007,34.02,
1746653580000,2025-05-07T21:33:00Z,1481-1-1-007,34.0,
1746653640000,2025-05-07T21:34:00Z,1481-1-1-007,34.02,
1746653700000,2025-05-07T21:35:00Z,1481-1-1-007,34.05,
1746653760000,2025-05-07T21:36:00Z,1481-1-1-007,34.07,
1746653820000,2025-05-07T21:37:00Z,1481-1-1-007,34.1,
1746653880000,2025-05-07T21:38:00Z,1481-1-1-007,34.13,
1746653940000,2025-05-07T21:39:00Z,1481-1-1-007,34.16,
1746654000000,2025-05-07T21:40:00Z,1481-1-1-007,34.18,
1746654060000,2025-05-07T21:41:00Z,1481-1-1-007,34.19,
1746654120000,2025-05-07T21:42:00Z,1481-1-1-007,34.15,
1746654180000,2025-05-07T21:43:00Z,1481-1-1-007,33.98,
1746654240000,2025-05-07T21:44:00Z,1481-1-1-007,33.77,
1746654300000,2025-05-07T21:45:00Z,1481-1-1-007,33.55,
1746654360000,2025-05-07T21:46:00Z,1481-1-1-007,33.3,
1746654420000,2025-05-07T21:47:00Z,1481-1-1-007,33.08,
1746654480000,2025-05-07T21:48:00Z,1481-1-1-007,32.92,
1746654540000,2025-05-07T21:49:00Z,1481-1-1-007,32.81,
1746654600000,2025-05-07T21:50:00Z,1481-1-1-007,32.74,
1746654660000,2025-05-07T21:51:00Z,1481-1-1-007,32.76,
1746654720000,2025-05-07T21:52:00Z,1481-1-1-007,32.76,
1746654780000,2025-05-07T21:53:00Z,1481-1-1-007,32.79,
1746654840000,2025-05-07T21:54:00Z,1481-1-1-007,32.76,
1746654900000,2025-05-07T21:55:00Z,1481-1-1-007,32.76,
1746654960000,2025-05-07T21:56:00Z,1481-1-1-007,32.79,
1746655020000,2025-05-07T21:57:00Z,1481-1-1-007,32.78,
1746655080000,2025-05-07T21:58:00Z,1481-1-1-007,32.77,
1746655140000,2025-05-07T21:59:00Z,1481-1-1-007,32.87,
1746655200000,2025-05-07T22:00:00Z,1481-1-1-007,32.86,
1746655260000,2025-05-07T22:01:00Z,1481-1-1-007,32.77,
1746655320000,2025-05-07T22:02:00Z,1481-1-1-007,32.66,
1746655380000,2025-05-07T22:03:00Z,1481-1-1-007,32.55,
1746655440000,2025-05-07T22:04:00Z,1481-1-1-007,32.44,
1746655500000,2025-05-07T22:05:00Z,1481-1-1-007,32.35,
1746655560000,2025-05-07T22:06:00Z,1481-1-1-007,32.28,
1746655620000,2025-05-07T22:07:00Z,1481-1-1-007,32.25,
1746655680000,2025-05-07T22:08:00Z,1481-1-1-007,32.2,
1746655740000,2025-05-07T22:09:00Z,1481-1-1-007,32.17,
1746655800000,2025-05-07T22:10:00Z,1481-1-1-007,32.16,
1746655860000,2025-05-07T22:11:00Z,1481-1-1-007,32.16,
1746655920000,2025-05-07T22:12:00Z,1481-1-1-007,32.2,
1746655980000,2025-05-07T22:13:00Z,1481-1-1-007,32.2,
1746656040000,2025-05-07T22:14:00Z,1481-1-1-007,32.13,
1746656100000,2025-05-07T22:15:00Z,1481-1-1-007,32.04,
1746656160000,2025-05-07T22:16:00Z,1481-1-1-007,31.97,
1746656220000,2025-05-07T22:17:00Z,1481-1-1-007,31.92,
1746656280000,2025-05-07T22:18:00Z,1481-1-1-007,31.73,
1746656340000,2025-05-07T22:19:00Z,1481-1-1-007,31.52,
1746656400000,2025-05-07T22:20:00Z,1481-1-1-007,31.32,
1746656460000,2025-05-07T22:21:00Z,1481-1-1-007,31.17,
1746656520000,2025-05-07T22:22:00Z,1481-1-1-007,31.1,
1746656580000,2025-05-07T22:23:00Z,1481-1-1-007,31.09,
1746656640000,2025-05-07T22:24:00Z,1481-1-1-007,31.03,
1746656700000,2025-05-07T22:25:00Z,1481-1-1-007,30.98,
1746656760000,2025-05-07T22:26:00Z,1481-1-1-007,30.96,
1746656820000,2025-05-07T22:27:00Z,1481-1-1-007,30.96,
1746656880000,2025-05-07T22:28:00Z,1481-1-1-007,31.0,
1746656940000,2025-05-07T22:29:00Z,1481-1-1-007,31.06,
1746657000000,2025-05-07T22:30:00Z,1481-1-1-007,31.14,
1746657060000,2025-05-07T22:31:00Z,1481-1-1-007,31.18,
1746657120000,2025-05-07T22:32:00Z,1481-1-1-007,31.25,
1746657180000,2025-05-07T22:33:00Z,1481-1-1-007,31.25,
1746657240000,2025-05-07T22:34:00Z,1481-1-1-007,31.19,
1746657300000,2025-05-07T22:35:00Z,1481-1-1-007,31.18,
1746657360000,2025-05-07T22:36:00Z,1481-1-1-007,31.19,
1746657420000,2025-05-07T22:37:00Z,1481-1-1-007,31.2,
1746657480000,2025-05-07T22:38:00Z,1481-1-1-007,31.2,
1746657540000,2025-05-07T22:39:00Z,1481-1-1-007,31.14,
1746657600000,2025-05-07T22:40:00Z,1481-1-1-007,31.03,
1746657660000,2025-05-07T22:41:00Z,1481-1-1-007,31.01,
1746657720000,2025-05-07T22:42:00Z,1481-1-1-007,31.0,
1746657780000,2025-05-07T22:43:00Z,1481-1-1-007,31.0,
1746657840000,2025-05-07T22:44:00Z,1481-1-1-007,31.0,
1746657900000,2025-05-07T22:45:00Z,1481-1-1-007,30.96,
1746657960000,2025-05-07T22:46:00Z,1481-1-1-007,30.86,
1746658020000,2025-05-07T22:47:00Z,1481-1-1-007,30.76,
1746658080000,2025-05-07T22:48:00Z,1481-1-1-007,30.68,
1746658140000,2025-05-07T22:49:00Z,1481-1-1-007,30.61,
1746658200000,2025-05-07T22:50:00Z,1481-1-1-007,30.51,
1746658260000,2025-05-07T22:51:00Z,1481-1-1-007,30.44,
1746658320000,2025-05-07T22:52:00Z,1481-1-1-007,30.36,
1746658380000,2025-05-07T22:53:00Z,1481-1-1-007,30.24,
1746658440000,2025-05-07T22:54:00Z,1481-1-1-007,30.12,
1746658500000,2025-05-07T22:55:00Z,1481-1-1-007,30.11,
1746658560000,2025-05-07T22:56:00Z,1481-1-1-007,30.07,
1746658620000,2025-05-07T22:57:00Z,1481-1-1-007,30.01,
1746658680000,2025-05-07T22:58:00Z,1481-1-1-007,29.95,
1746658740000,2025-05-07T22:59:00Z,1481-1-1-007,29.9,
1746658800000,2025-05-07T23:00:00Z,1481-1-1-007,29.85,
1746658860000,2025-05-07T23:01:00Z,1481-1-1-007,29.81,
1746658920000,2025-05-07T23:02:00Z,1481-1-1-007,29.76,
1746658980000,2025-05-07T23:03:00Z,1481-1-1-007,29.71,
1746659040000,2025-05-07T23:04:00Z,1481-1-1-007,29.67,
1746659100000,2025-05-07T23:05:00Z,1481-1-1-007,29.63,
1746659160000,2025-05-07T23:06:00Z,1481-1-1-007,29.55,
1746659220000,2025-05-07T23:07:00Z,1481-1-1-007,29.47,
1746659280000,2025-05-07T23:08:00Z,1481-1-1-007,29.37,
1746659340000,2025-05-07T23:09:00Z,1481-1-1-007,29.38,
1746659400000,2025-05-07T23:10:00Z,1481-1-1-007,29.46,
1746659460000,2025-05-07T23:11:00Z,1481-1-1-007,29.56,
1746659520000,2025-05-07T23:12:00Z,1481-1-1-007,29.65,
1746659580000,2025-05-07T23:13:00Z,1481-1-1-007,29.71,
1746659640000,2025-05-07T23:14:00Z,1481-1-1-007,29.71,
1746659700000,2025-05-07T23:15:00Z,1481-1-1-007,29.6,
1746659760000,2025-05-07T23:16:00Z,1481-1-1-007,29.57,
1746659820000,2025-05-07T23:17:00Z,1481-1-1-007,29.73,
1746659880000,2025-05-07T23:18:00Z,1481-1-1-007,29.83,
1746659940000,2025-05-07T23:19:00Z,1481-1-1-007,29.92,
1746660000000,2025-05-07T23:20:00Z,1481-1-1-007,30.02,
1746660060000,2025-05-07T23:21:00Z,1481-1-1-007,30.07,
1746660120000,2025-05-07T23:22:00Z,1481-1-1-007,30.06,
1746660180000,2025-05-07T23:23:00Z,1481-1-1-007,30.07,
1746660240000,2025-05-07T23:24:00Z,1481-1-1-007,30.09,
1746660300000,2025-05-07T23:25:00Z,1481-1-1-007,30.08,
1746660360000,2025-05-07T23:26:00Z,1481-1-1-007,30.05,
1746660420000,2025-05-07T23:27:00Z,1481-1-1-007,30.02,
1746660480000,2025-05-07T23:28:00Z,1481-1-1-007,29.95,
1746660540000,2025-05-07T23:29:00Z,1481-1-1-007,29.85,
1746660600000,2025-05-07T23:30:00Z,1481-1-1-007,29.77,
1746660660000,2025-05-07T23:31:00Z,1481-1-1-007,29.78,
1746660720000,2025-05-07T23:32:00Z,1481-1-1-007,29.77,
1746660780000,2025-05-07T23:33:00Z,1481-1-1-007,29.71,
1746660840000,2025-05-07T23:34:00Z,1481-1-1-007,29.69,
1746660900000,2025-05-07T23:35:00Z,1481-1-1-007,29.81,
1746660960000,2025-05-07T23:36:00Z,1481-1-1-007,29.94,
1746661020000,2025-05-07T23:37:00Z,1481-1-1-007,30.03,
1746661080000,2025-05-07T23:38:00Z,1481-1-1-007,30.08,
1746661140000,2025-05-07T23:39:00Z,1481-1-1-007,30.1,
1746661200000,2025-05-07T23:40:00Z,1481-1-1-007,30.12,
1746661260000,2025-05-07T23:41:00Z,1481-1-1-007,30.12,
1746661320000,2025-05-07T23:42:00Z,1481-1-1-007,30.03,
1746661380000,2025-05-07T23:43:00Z,1481-1-1-007,30.04,
1746661440000,2025-05-07T23:44:00Z,1481-1-1-007,30.01,
1746661500000,2025-05-07T23:45:00Z,1481-1-1-007,29.96,
1746661560000,2025-05-07T23:46:00Z,1481-1-1-007,29.92,
1746661620000,2025-05-07T23:47:00Z,1481-1-1-007,29.91,
1746661680000,2025-05-07T23:48:00Z,1481-1-1-007,29.89,
1746661740000,2025-05-07T23:49:00Z,1481-1-1-007,29.89,
1746661800000,2025-05-07T23:50:00Z,1481-1-1-007,29.89,
1746661860000,2025-05-07T23:51:00Z,1481-1-1-007,29.9,
1746661920000,2025-05-07T23:52:00Z,1481-1-1-007,29.98,
1746661980000,2025-05-07T23:53:00Z,1481-1-1-007,30.04,
1746662040000,2025-05-07T23:54:00Z,1481-1-1-007,30.01,
1746662100000,2025-05-07T23:55:00Z,1481-1-1-007,30.0,
1746662160000,2025-05-07T23:56:00Z,1481-1-1-007,30.03,
1746662220000,2025-05-07T23:57:00Z,1481-1-1-007,30.05,
1746662280000,2025-05-07T23:58:00Z,1481-1-1-007,30.03,
1746662340000,2025-05-07T23:59:00Z,1481-1-1-007,29.97,
